Symbol,Exchange
A,NYSE
AA,NYSE
AAC,NYSE
AAIC,NYSE
AAN,NYSE
AAP,NYSE
AAT,NYSE
AB,NYSE
ABB,NYSE
ABBV,NYSE
ABC,NYSE
ABEV,NYSE
ABG,NYSE
ABM,NYSE
ABR,NYSE
ABT,NYSE
AC,NYSE
ACA,NYSE
ACB,NYSE
ACC,NYSE
ACCO,NYSE
ACEL,NYSE
ACH,NYSE
ACI,NYSE
ACIC,NYSE
ACII,NYSE
ACM,NYSE
ACN,NYSE
ACND,NYSE
ACR,NYSE
ACRE,NYSE
ADC,NYSE
ADCT,NYSE
ADEX,NYSE
ADM,NYSE
ADNT,NYSE
ADS,NYSE
ADT,NYSE
AEB,NYSE
AEE,NYSE
AEFC,NYSE
AEG,NYSE
AEL,NYSE
AEM,NYSE
AENZ,NYSE
AEO,NYSE
AER,NYSE
AES,NYSE
AESC,NYSE
AEVA,NYSE
AFG,NYSE
AFGB,NYSE
AFGC,NYSE
AKR,NYSE
AL,NYSE
ALB,NYSE
ALC,NYSE
ALE,NYSE
ALEX,NYSE
ALG,NYSE
ALK,NYSE
ALL,NYSE
ALLE,NYSE
ALLY,NYSE
ALSN,NYSE
ALTG,NYSE
ALUS,NYSE
ALV,NYSE
ALX,NYSE
AM,NYSE
AMBC,NYSE
AMC,NYSE
AMCR,NYSE
AME,NYSE
AMG,NYSE
AMH,NYSE
AMK,NYSE
AMN,NYSE
AMOV,NYSE
AMP,NYSE
AMPY,NYSE
AMR,NYSE
AMRC,NYSE
AMRX,NYSE
AMT,NYSE
AMWL,NYSE
AMX,NYSE
AN,NYSE
ANET,NYSE
ANF,NYSE
ANTM,NYSE
AON,NYSE
AONE,NYSE
AOS,NYSE
AP,NYSE
APAM,NYSE
APD,NYSE
APG,NYSE
APGB,NYSE
APH,NYSE
APLE,NYSE
APO,NYSE
APRN,NYSE
APSG,NYSE
ASAI,NYSE
ASAN,NYSE
ASAQ,NYSE
ASB,NYSE
ASC,NYSE
ASGI,NYSE
ASGN,NYSE
ASH,NYSE
ASIX,NYSE
ASPL,NYSE
ASPN,NYSE
ASR,NYSE
ASX,NYSE
AT,NYSE
ATA,NYSE
ATAC,NYSE
ATC,NYSE
ATCO,NYSE
ATEN,NYSE
ATGE,NYSE
ATH,NYSE
ATHM,NYSE
ATI,NYSE
ATKR,NYSE
ATMR,NYSE
ATO,NYSE
ATR,NYSE
ATTO,NYSE
ATUS,NYSE
AU,NYSE
AUD,NYSE
AUY,NYSE
AVA,NYSE
AVAL,NYSE
AVAN,NYSE
AVB,NYSE
AVD,NYSE
AVLR,NYSE
AVNS,NYSE
AVNT,NYSE
AVTR,NYSE
AVY,NYSE
AVYA,NYSE
AWI,NYSE
AWK,NYSE
AWR,NYSE
AX,NYSE
AXL,NYSE
AXP,NYSE
AXR,NYSE
AXS,NYSE
AXTA,NYSE
AYI,NYSE
AYX,NYSE
AZEK,NYSE
AZO,NYSE
AZRE,NYSE
AZUL,NYSE
AZZ,NYSE
B,NYSE
BA,NYSE
BABA,NYSE
BAC,NYSE
BAH,NYSE
BAK,NYSE
BALY,NYSE
BAM,NYSE
BAMH,NYSE
BAMI,NYSE
BANC,NYSE
BCE,NYSE
BCEI,NYSE
BCH,NYSE
BCO,NYSE
BCS,NYSE
BCSF,NYSE
BDC,NYSE
BDN,NYSE
BDX,NYSE
BDXB,NYSE
BE,NYSE
BEDU,NYSE
BEKE,NYSE
BEN,NYSE
BEP,NYSE
BEPC,NYSE
BERY,NYSE
BEST,NYSE
BFAM,NYSE
BFLY,NYSE
BFS,NYSE
BG,NYSE
BGS,NYSE
BGSF,NYSE
BH,NYSE
BHC,NYSE
BHE,NYSE
BHLB,NYSE
BHP,NYSE
BHR,NYSE
BHVN,NYSE
BIG,NYSE
BIGZ,NYSE
BILL,NYSE
BIO,NYSE
BIP,NYSE
BIPC,NYSE
BJ,NYSE
BK,NYSE
BKD,NYSE
BKE,NYSE
BKH,NYSE
BKI,NYSE
BKR,NYSE
BKU,NYSE
BLD,NYSE
BLK,NYSE
BLL,NYSE
BLUA,NYSE
BLX,NYSE
BMA,NYSE
BMEZ,NYSE
BMI,NYSE
BMO,NYSE
BPT,NYSE
BQ,NYSE
BR,NYSE
BRBR,NYSE
BRC,NYSE
BRFS,NYSE
BRMK,NYSE
BRO,NYSE
BRT,NYSE
BRX,NYSE
BSA,NYSE
BSAC,NYSE
BSBR,NYSE
BSIG,NYSE
BSM,NYSE
BSMX,NYSE
BSN,NYSE
BSTZ,NYSE
BSX,NYSE
BTI,NYSE
BTU,NYSE
BUD,NYSE
BUR,NYSE
BURL,NYSE
BV,NYSE
BVH,NYSE
BVN,NYSE
BW,NYSE
BWA,NYSE
BWSN,NYSE
BWXT,NYSE
BX,NYSE
BXC,NYSE
BXG,NYSE
BXMT,NYSE
BXP,NYSE
BXS,NYSE
BY,NYSE
BYD,NYSE
BZH,NYSE
C,NYSE
CAAP,NYSE
CABO,NYSE
CACI,NYSE
CADE,NYSE
CAE,NYSE
CAG,NYSE
CAH,NYSE
CAI,NYSE
CAJ,NYSE
CAL,NYSE
CALX,NYSE
CANG,NYSE
CAP,NYSE
CAPL,NYSE
CARR,NYSE
CARS,NYSE
CAS,NYSE
CBT,NYSE
CBU,NYSE
CBZ,NYSE
CC,NYSE
CCAC,NYSE
CCEP,NYSE
CCI,NYSE
CCIV,NYSE
CCJ,NYSE
CCK,NYSE
CCL,NYSE
CCM,NYSE
CCO,NYSE
CCS,NYSE
CCU,NYSE
CCV,NYSE
CCVI,NYSE
CCZ,NYSE
CDAY,NYSE
CDE,NYSE
CDR,NYSE
CE,NYSE
CEA,NYSE
CEIX,NYSE
CELP,NYSE
CEPU,NYSE
CEQP,NYSE
CF,NYSE
CFG,NYSE
CFR,NYSE
CFX,NYSE
CFXA,NYSE
CGA,NYSE
CGAU,NYSE
CHAA,NYSE
CHCT,NYSE
CHD,NYSE
CHE,NYSE
CHGG,NYSE
CHH,NYSE
CHMI,NYSE
CHPT,NYSE
CHRA,NYSE
CHS,NYSE
CHT,NYSE
CHWY,NYSE
CI,NYSE
CIA,NYSE
CIB,NYSE
CIEN,NYSE
CIG,NYSE
CIM,NYSE
CLI,NYSE
CLII,NYSE
CLIM,NYSE
CLNC,NYSE
CLNY,NYSE
CLPR,NYSE
CLR,NYSE
CLS,NYSE
CLVT,NYSE
CLW,NYSE
CLX,NYSE
CM,NYSE
CMA,NYSE
CMC,NYSE
CMCM,NYSE
CMD,NYSE
CMG,NYSE
CMI,NYSE
CMO,NYSE
CMP,NYSE
CMRE,NYSE
CMS,NYSE
CMSA,NYSE
CMSC,NYSE
CMSD,NYSE
CNA,NYSE
CNC,NYSE
CND,NYSE
CNF,NYSE
CNHI,NYSE
CNI,NYSE
CNK,NYSE
CNMD,NYSE
CNNE,NYSE
CNO,NYSE
CNP,NYSE
CNQ,NYSE
CNR,NYSE
CNS,NYSE
CNX,NYSE
CO,NYSE
CODI,NYSE
COE,NYSE
COF,NYSE
COG,NYSE
COLD,NYSE
COMP,NYSE
COO,NYSE
COP,NYSE
COR,NYSE
CORR,NYSE
COTY,NYSE
COUR,NYSE
CP,NYSE
CPA,NYSE
CPAC,NYSE
CPB,NYSE
CPE,NYSE
CPF,NYSE
CPG,NYSE
CPK,NYSE
CPLG,NYSE
CPNG,NYSE
CPRI,NYSE
CPS,NYSE
CPSR,NYSE
CPT,NYSE
CRH,NYSE
CRHC,NYSE
CRI,NYSE
CRK,NYSE
CRL,NYSE
CRM,NYSE
CRS,NYSE
CRT,NYSE
CRU,NYSE
CRY,NYSE
CS,NYSE
CSAN,NYSE
CSL,NYSE
CSLT,NYSE
CSPR,NYSE
CSR,NYSE
CSTA,NYSE
CSTM,NYSE
CSU,NYSE
CSV,NYSE
CTAC,NYSE
CTB,NYSE
CTBB,NYSE
CTDD,NYSE
CTK,NYSE
CTLT,NYSE
CTO,NYSE
CTOS,NYSE
CTS,NYSE
CTT,NYSE
CTVA,NYSE
CUB,NYSE
CUBB,NYSE
CUBE,NYSE
CUBI,NYSE
CUK,NYSE
CULP,NYSE
CURO,NYSE
CUZ,NYSE
CVA,NYSE
CVE,NYSE
CVEO,NYSE
CVI,NYSE
CVII,NYSE
CVNA,NYSE
CVS,NYSE
CVX,NYSE
CW,NYSE
CWEN,NYSE
CWH,NYSE
CWK,NYSE
CWT,NYSE
CX,NYSE
CXP,NYSE
CXW,NYSE
CYD,NYSE
CYH,NYSE
D,NYSE
DAC,NYSE
DCP,NYSE
DCUE,NYSE
DD,NYSE
DDD,NYSE
DDS,NYSE
DDT,NYSE
DE,NYSE
DEA,NYSE
DECK,NYSE
DEH,NYSE
DEI,NYSE
DELL,NYSE
DEN,NYSE
DEO,NYSE
DESP,NYSE
DFIN,NYSE
DFNS,NYSE
DFS,NYSE
DG,NYSE
DGNR,NYSE
DGX,NYSE
DHI,NYSE
DHR,NYSE
DHT,NYSE
DHX,NYSE
DIN,NYSE
DIS,NYSE
DK,NYSE
DKL,NYSE
DKS,NYSE
DLB,NYSE
DLNG,NYSE
DLR,NYSE
DLX,NYSE
DM,NYSE
DMS,NYSE
DMYD,NYSE
DMYI,NYSE
DNB,NYSE
DNMR,NYSE
DNOW,NYSE
DNZ,NYSE
DOC,NYSE
DOCN,NYSE
DOOR,NYSE
DOV,NYSE
DOW,NYSE
DPZ,NYSE
DQ,NYSE
DRD,NYSE
DRE,NYSE
DRH,NYSE
DRI,NYSE
DRQ,NYSE
DRUA,NYSE
DS,NYSE
DSSI,NYSE
DSX,NYSE
DT,NYSE
DTB,NYSE
E,NYSE
EAF,NYSE
EAI,NYSE
EARN,NYSE
EAT,NYSE
EB,NYSE
EBF,NYSE
EBR,NYSE
EBS,NYSE
EC,NYSE
ECCB,NYSE
ECCW,NYSE
ECCX,NYSE
ECCY,NYSE
ECL,NYSE
ED,NYSE
EDN,NYSE
EDU,NYSE
EEX,NYSE
EFC,NYSE
EFX,NYSE
EGHT,NYSE
EGO,NYSE
EGP,NYSE
EGY,NYSE
EHC,NYSE
EIC,NYSE
EIG,NYSE
EIX,NYSE
EL,NYSE
ELAN,NYSE
ELAT,NYSE
ELF,NYSE
ELP,NYSE
ELS,NYSE
ELVT,NYSE
ELY,NYSE
EME,NYSE
EMN,NYSE
EMP,NYSE
EMPW,NYSE
EMR,NYSE
ENB,NYSE
ENBA,NYSE
ENBL,NYSE
ENIA,NYSE
ENIC,NYSE
ENJ,NYSE
ENLC,NYSE
ENO,NYSE
ENPC,NYSE
ENR,NYSE
ENS,NYSE
ENV,NYSE
ENVA,NYSE
ENZ,NYSE
EOG,NYSE
EPAC,NYSE
EPAM,NYSE
EPC,NYSE
EPD,NYSE
EPR,NYSE
EPRT,NYSE
ES,NYSE
ESE,NYSE
ESGC,NYSE
ESI,NYSE
ESNT,NYSE
ESRT,NYSE
ESS,NYSE
ESTC,NYSE
ESTE,NYSE
ET,NYSE
ETH,NYSE
ETN,NYSE
ETR,NYSE
ETRN,NYSE
ETWO,NYSE
EURN,NYSE
EVA,NYSE
EVC,NYSE
EVH,NYSE
EVR,NYSE
EVRG,NYSE
EVRI,NYSE
EVTC,NYSE
EW,NYSE
EXK,NYSE
EXP,NYSE
EXPR,NYSE
EXR,NYSE
EXTN,NYSE
F,NYSE
FACA,NYSE
FAF,NYSE
FAII,NYSE
FBC,NYSE
FBHS,NYSE
FBK,NYSE
FBP,NYSE
FC,NYSE
FCAX,NYSE
FCF,NYSE
FCN,NYSE
FCPT,NYSE
FCRW,NYSE
FCRZ,NYSE
FCX,NYSE
FDP,NYSE
FINS,NYSE
FINV,NYSE
FIS,NYSE
FIX,NYSE
FL,NYSE
FLNG,NYSE
FLO,NYSE
FLOW,NYSE
FLR,NYSE
FLS,NYSE
FLT,NYSE
FLY,NYSE
FMAC,NYSE
FMC,NYSE
FMS,NYSE
FMX,NYSE
FN,NYSE
FNB,NYSE
FND,NYSE
FNF,NYSE
FNV,NYSE
FOA,NYSE
FOE,NYSE
FOR,NYSE
FOUR,NYSE
FPAC,NYSE
FPH,NYSE
FPI,NYSE
FR,NYSE
FRC,NYSE
FRO,NYSE
FRT,NYSE
FRX,NYSE
FSK,NYSE
FSKR,NYSE
FSLY,NYSE
FSM,NYSE
FSR,NYSE
FSS,NYSE
FST,NYSE
FTAI,NYSE
FTCH,NYSE
FUSE,NYSE
FVRR,NYSE
FVT,NYSE
G,NYSE
GATO,NYSE
GATX,NYSE
GB,NYSE
GBL,NYSE
GBX,NYSE
GCI,NYSE
GCO,NYSE
GCP,NYSE
GD,NYSE
GDDY,NYSE
GDOT,NYSE
GE,NYSE
GEF,NYSE
GEL,NYSE
GEO,NYSE
GES,NYSE
GFF,NYSE
GFI,NYSE
GFL,NYSE
GFLU,NYSE
GFX,NYSE
GGB,NYSE
GGG,NYSE
GHC,NYSE
GHG,NYSE
GHL,NYSE
GHLD,NYSE
GHM,NYSE
GIB,NYSE
GIL,NYSE
GIS,NYSE
GIX,NYSE
GJO,NYSE
GJP,NYSE
GJR,NYSE
GJS,NYSE
GJT,NYSE
GKOS,NYSE
GL,NYSE
GLEO,NYSE
GLOB,NYSE
GLOG,NYSE
GLOP,NYSE
GLP,NYSE
GLT,NYSE
GLW,NYSE
GM,NYSE
GOAC,NYSE
GOL,NYSE
GOLD,NYSE
GOLF,NYSE
GOOS,NYSE
GPC,NYSE
GPI,NYSE
GPJA,NYSE
GPK,NYSE
GPMT,NYSE
GPN,NYSE
GPRK,NYSE
GPS,NYSE
GPX,NYSE
GRA,NYSE
GRC,NYSE
GRUB,NYSE
GS,NYSE
GSAH,NYSE
GSBD,NYSE
GSK,NYSE
GSL,NYSE
GSLD,NYSE
GSQD,NYSE
GTES,NYSE
GTLS,NYSE
GTN,NYSE
GTS,NYSE
GTT,NYSE
GTY,NYSE
GVA,NYSE
GWB,NYSE
GWRE,NYSE
GWW,NYSE
H,NYSE
HAE,NYSE
HAL,NYSE
HASI,NYSE
HAYW,NYSE
HBB,NYSE
HBI,NYSE
HBM,NYSE
HCA,NYSE
HCC,NYSE
HCHC,NYSE
HCI,NYSE
HKIB,NYSE
HL,NYSE
HLF,NYSE
HLI,NYSE
HLT,NYSE
HLX,NYSE
HMC,NYSE
HMLP,NYSE
HMN,NYSE
HMY,NYSE
HNGR,NYSE
HNI,NYSE
HNP,NYSE
HOG,NYSE
HOME,NYSE
HOV,NYSE
HP,NYSE
HPE,NYSE
HPP,NYSE
HPQ,NYSE
HPX,NYSE
HR,NYSE
HRB,NYSE
HRC,NYSE
HRI,NYSE
HRL,NYSE
HRTG,NYSE
HSBC,NYSE
HSC,NYSE
HSY,NYSE
HT,NYSE
HTA,NYSE
HTFA,NYSE
HTFB,NYSE
HTGC,NYSE
HTH,NYSE
HTPA,NYSE
HUBB,NYSE
HUBS,NYSE
HUM,NYSE
HUN,NYSE
HUYA,NYSE
HVT,NYSE
HWM,NYSE
HXL,NYSE
HY,NYSE
HYLN,NYSE
HZAC,NYSE
HZN,NYSE
HZO,NYSE
HZON,NYSE
IAA,NYSE
IACA,NYSE
IACB,NYSE
IAG,NYSE
IBA,NYSE
IBM,NYSE
IBN,NYSE
IBP,NYSE
IEX,NYSE
IFF,NYSE
IFS,NYSE
IGT,NYSE
IH,NYSE
IHC,NYSE
IHG,NYSE
IIAC,NYSE
IIIN,NYSE
IIPR,NYSE
IMAX,NYSE
IMPX,NYSE
INFY,NYSE
ING,NYSE
INGR,NYSE
INN,NYSE
INSP,NYSE
INSW,NYSE
INT,NYSE
INVH,NYSE
IO,NYSE
IP,NYSE
IPG,NYSE
IPI,NYSE
IPOD,NYSE
IPOE,NYSE
IPOF,NYSE
IQV,NYSE
IR,NYSE
IRM,NYSE
IRS,NYSE
IRT,NYSE
IVR,NYSE
IVZ,NYSE
IX,NYSE
J,NYSE
JAX,NYSE
JBGS,NYSE
JBK,NYSE
JBL,NYSE
JBT,NYSE
JCI,NYSE
JCO,NYSE
JEF,NYSE
JELD,NYSE
JHG,NYSE
JHX,NYSE
JIH,NYSE
JILL,NYSE
JKS,NYSE
JLL,NYSE
JMIA,NYSE
JMP,NYSE
JNJ,NYSE
JNPR,NYSE
JOE,NYSE
JP,NYSE
JPM,NYSE
JT,NYSE
JWN,NYSE
JWS,NYSE
JWSM,NYSE
K,NYSE
KAI,NYSE
KAMN,NYSE
KAR,NYSE
KB,NYSE
KBH,NYSE
KBR,NYSE
KEN,NYSE
KEP,NYSE
KEX,NYSE
KEY,NYSE
KEYS,NYSE
KFS,NYSE
KFY,NYSE
KGC,NYSE
KIM,NYSE
KKR,NYSE
KL,NYSE
KMB,NYSE
KMI,NYSE
KMPR,NYSE
KMT,NYSE
KRG,NYSE
KRO,NYSE
KRP,NYSE
KSS,NYSE
KSU,NYSE
KT,NYSE
KTB,NYSE
KTH,NYSE
KTN,NYSE
KUKE,NYSE
KW,NYSE
KWAC,NYSE
KWR,NYSE
L,NYSE
LAC,NYSE
LAD,NYSE
LADR,NYSE
LAIX,NYSE
LAZ,NYSE
LB,NYSE
LBRT,NYSE
LC,NYSE
LCI,NYSE
LCII,NYSE
LDI,NYSE
LDL,NYSE
LDOS,NYSE
LEA,NYSE
LEAF,NYSE
LEAP,NYSE
LEG,NYSE
LEJU,NYSE
LEN,NYSE
LEVI,NYSE
LFC,NYSE
LFT,NYSE
LH,NYSE
LHC,NYSE
LHX,NYSE
LII,NYSE
LIN,NYSE
LINX,NYSE
LITB,NYSE
LOKB,NYSE
LOMA,NYSE
LOW,NYSE
LPG,NYSE
LPI,NYSE
LPL,NYSE
LPX,NYSE
LRN,NYSE
LSI,NYSE
LSPD,NYSE
LTC,NYSE
LTHM,NYSE
LU,NYSE
LUB,NYSE
LUMN,NYSE
LUV,NYSE
LVS,NYSE
LW,NYSE
LXFR,NYSE
LXP,NYSE
LXU,NYSE
LYB,NYSE
LYG,NYSE
LYV,NYSE
LZB,NYSE
M,NYSE
MA,NYSE
MAA,NYSE
MAC,NYSE
MAIN,NYSE
MAN,NYSE
MANU,NYSE
MAS,NYSE
MATX,NYSE
MAX,NYSE
MAXR,NYSE
MBI,NYSE
MBT,NYSE
MC,NYSE
MCB,NYSE
MCD,NYSE
MCK,NYSE
MCO,NYSE
MCS,NYSE
MCY,NYSE
MD,NYSE
MDC,NYSE
MDH,NYSE
MDLA,NYSE
MDLY,NYSE
MDP,NYSE
MGY,NYSE
MHK,NYSE
MHLA,NYSE
MHNC,NYSE
MHO,NYSE
MIC,NYSE
MIT,NYSE
MITT,NYSE
MIXT,NYSE
MKC,NYSE
MKL,NYSE
MLI,NYSE
MLM,NYSE
MLP,NYSE
MLR,NYSE
MMC,NYSE
MMI,NYSE
MMM,NYSE
MMP,NYSE
MMS,NYSE
MN,NYSE
MNR,NYSE
MNRL,NYSE
MNSO,NYSE
MO,NYSE
MOD,NYSE
MODN,NYSE
MOGU,NYSE
MOH,NYSE
MOS,NYSE
MOTV,NYSE
MOV,NYSE
MP,NYSE
MPC,NYSE
MPLN,NYSE
MPLX,NYSE
MPW,NYSE
MPX,NYSE
MRC,NYSE
MRK,NYSE
MRO,NYSE
MS,NYSE
MSA,NYSE
MSB,NYSE
MSC,NYSE
MSCI,NYSE
MSGE,NYSE
MSGN,NYSE
MSGS,NYSE
MSI,NYSE
MSM,NYSE
MSP,NYSE
MTG,NYSE
MTH,NYSE
MTL,NYSE
MTN,NYSE
MTOR,NYSE
MTR,NYSE
MTRN,NYSE
MTW,NYSE
MTX,NYSE
MTZ,NYSE
MUFG,NYSE
MUR,NYSE
MUSA,NYSE
MUX,NYSE
MVO,NYSE
MWA,NYSE
MX,NYSE
MXL,NYSE
MYE,NYSE
MYOV,NYSE
MYTE,NYSE
NAPA,NYSE
NAT,NYSE
NAV,NYSE
NBHC,NYSE
NBR,NYSE
NC,NYSE
NCLH,NYSE
NCR,NYSE
NDMO,NYSE
NEE,NYSE
NEM,NYSE
NEP,NYSE
NET,NYSE
NETI,NYSE
NEU,NYSE
NEW,NYSE
NEWR,NYSE
NEX,NYSE
NEXA,NYSE
NFG,NYSE
NFH,NYSE
NGA,NYSE
NGAB,NYSE
NGG,NYSE
NGL,NYSE
NGS,NYSE
NGVC,NYSE
NGVT,NYSE
NHI,NYSE
NMM,NYSE
NMR,NYSE
NNA,NYSE
NNI,NYSE
NNN,NYSE
NOA,NYSE
NOAH,NYSE
NOC,NYSE
NOK,NYSE
NOMD,NYSE
NOV,NYSE
NOVA,NYSE
NOW,NYSE
NP,NYSE
NPK,NYSE
NPO,NYSE
NPTN,NYSE
NR,NYSE
NREF,NYSE
NRG,NYSE
NRP,NYSE
NRT,NYSE
NRZ,NYSE
NS,NYSE
NSA,NYSE
NSC,NYSE
NSH,NYSE
NSP,NYSE
NSS,NYSE
NSTB,NYSE
NTB,NYSE
NTCO,NYSE
NTP,NYSE
NTR,NYSE
NTST,NYSE
NTZ,NYSE
NUE,NYSE
NUS,NYSE
NVGS,NYSE
NVO,NYSE
NVR,NYSE
NVRO,NYSE
NVS,NYSE
NVST,NYSE
NVT,NYSE
NVTA,NYSE
NWG,NYSE
NWHM,NYSE
NWN,NYSE
NX,NYSE
NXRT,NYSE
NXU,NYSE
NYC,NYSE
NYCB,NYSE
NYT,NYSE
O,NYSE
OACB,NYSE
OC,NYSE
OPY,NYSE
OR,NYSE
ORA,NYSE
ORAN,NYSE
ORC,NYSE
ORCC,NYSE
ORCL,NYSE
ORI,NYSE
ORN,NYSE
OSCR,NYSE
OSG,NYSE
OSH,NYSE
OSK,NYSE
OTIS,NYSE
OUST,NYSE
OUT,NYSE
OVV,NYSE
OXM,NYSE
OXY,NYSE
PAC,NYSE
PACE,NYSE
PACK,NYSE
PAG,NYSE
PAGS,NYSE
PANW,NYSE
PAR,NYSE
PARR,NYSE
PAYC,NYSE
PB,NYSE
PBA,NYSE
PBC,NYSE
PBF,NYSE
PBFX,NYSE
PBH,NYSE
PBI,NYSE
PBR,NYSE
PBT,NYSE
PBY,NYSE
PCG,NYSE
PCGU,NYSE
PCPC,NYSE
PD,NYSE
PDAC,NYSE
PLD,NYSE
PLNT,NYSE
PLOW,NYSE
PLT,NYSE
PLTR,NYSE
PLYM,NYSE
PM,NYSE
PMT,NYSE
PMVC,NYSE
PNC,NYSE
PNM,NYSE
PNR,NYSE
PNTM,NYSE
PNW,NYSE
POR,NYSE
POST,NYSE
PPG,NYSE
PPL,NYSE
PPX,NYSE
PQG,NYSE
PRA,NYSE
PRG,NYSE
PRGO,NYSE
PRI,NYSE
PRLB,NYSE
PRMW,NYSE
PRO,NYSE
PROS,NYSE
PRPB,NYSE
PRPC,NYSE
PRS,NYSE
PRSP,NYSE
PRT,NYSE
PRTY,NYSE
PRU,NYSE
PSA,NYSE
PSB,NYSE
PSFE,NYSE
PSN,NYSE
PSO,NYSE
PSTG,NYSE
PSTH,NYSE
PSTL,NYSE
PSX,NYSE
PSXP,NYSE
PTA,NYSE
PTR,NYSE
RDN,NYSE
RDY,NYSE
RE,NYSE
RELX,NYSE
RENN,NYSE
RES,NYSE
REV,NYSE
REVG,NYSE
REX,NYSE
REXR,NYSE
REZI,NYSE
RF,NYSE
RFL,NYSE
RFMZ,NYSE
RFP,NYSE
RGA,NYSE
RGR,NYSE
RGS,NYSE
RH,NYSE
RHI,NYSE
RHP,NYSE
RICE,NYSE
RIG,NYSE
RIO,NYSE
RJF,NYSE
RKT,NYSE
RL,NYSE
RLGY,NYSE
RLI,NYSE
RLJ,NYSE
RLX,NYSE
RM,NYSE
RMAX,NYSE
RMD,NYSE
RMM,NYSE
RMO,NYSE
RNG,NYSE
RNGR,NYSE
RNR,NYSE
ROG,NYSE
ROK,NYSE
ROL,NYSE
ROP,NYSE
ROT,NYSE
RPAI,NYSE
RPM,NYSE
RPT,NYSE
RRC,NYSE
RRD,NYSE
RS,NYSE
RSG,NYSE
RSI,NYSE
RTP,NYSE
RTPZ,NYSE
RTX,NYSE
SCHW,NYSE
SCI,NYSE
SCL,NYSE
SCM,NYSE
SCPE,NYSE
SCS,NYSE
SCU,NYSE
SCVX,NYSE
SCX,NYSE
SD,NYSE
SDHY,NYSE
SE,NYSE
SEAH,NYSE
SEAS,NYSE
SEE,NYSE
SEM,NYSE
SEMR,NYSE
SF,NYSE
SFB,NYSE
SFE,NYSE
SFL,NYSE
SFTW,NYSE
SFUN,NYSE
SGFY,NYSE
SGU,NYSE
SHAK,NYSE
SHG,NYSE
SHI,NYSE
SHLX,NYSE
SHO,NYSE
SHOP,NYSE
SHW,NYSE
SI,NYSE
SID,NYSE
SIG,NYSE
SII,NYSE
SITC,NYSE
SITE,NYSE
SIX,NYSE
SJI,NYSE
SJIJ,NYSE
SJIV,NYSE
SJM,NYSE
SJR,NYSE
SJT,NYSE
SJW,NYSE
SKLZ,NYSE
SKM,NYSE
SKT,NYSE
SKX,NYSE
SKY,NYSE
SLAC,NYSE
SLB,NYSE
SLCA,NYSE
SLF,NYSE
SLG,NYSE
SLQT,NYSE
STL,NYSE
STLA,NYSE
STM,NYSE
STN,NYSE
STNG,NYSE
STON,NYSE
STOR,NYSE
STPC,NYSE
STPK,NYSE
STT,NYSE
STWD,NYSE
STZ,NYSE
SU,NYSE
SUI,NYSE
SUM,NYSE
SUN,NYSE
SUP,NYSE
SUPV,NYSE
SUZ,NYSE
SWBK,NYSE
SWCH,NYSE
SWI,NYSE
SWK,NYSE
SWM,NYSE
SWN,NYSE
SWT,NYSE
SWX,NYSE
SXC,NYSE
SXI,NYSE
SXT,NYSE
SYF,NYSE
SYK,NYSE
SYX,NYSE
SYY,NYSE
T,NYSE
TAC,NYSE
TACA,NYSE
TAK,NYSE
TAL,NYSE
TALO,NYSE
TAP,NYSE
TARO,NYSE
TBA,NYSE
TBB,NYSE
TBC,NYSE
TBI,NYSE
TCI,NYSE
TCS,NYSE
TD,NYSE
TDA,NYSE
TEN,NYSE
TEO,NYSE
TEVA,NYSE
TEX,NYSE
TFC,NYSE
TFII,NYSE
TFSA,NYSE
TFX,NYSE
TG,NYSE
TGH,NYSE
TGI,NYSE
TGNA,NYSE
TGP,NYSE
TGS,NYSE
TGT,NYSE
THC,NYSE
THG,NYSE
THO,NYSE
THR,NYSE
THS,NYSE
TIMB,NYSE
TINV,NYSE
TISI,NYSE
TIXT,NYSE
TJX,NYSE
TK,NYSE
TKC,NYSE
TKR,NYSE
TLGA,NYSE
TLK,NYSE
TLYS,NYSE
TM,NYSE
TMAC,NYSE
TME,NYSE
TMHC,NYSE
TMO,NYSE
TMST,NYSE
TMX,NYSE
TNC,NYSE
TNET,NYSE
TNK,NYSE
TNL,NYSE
TNP,NYSE
TOL,NYSE
TOT,NYSE
TPB,NYSE
TPC,NYSE
TPGS,NYSE
TPGY,NYSE
TPH,NYSE
TPL,NYSE
TPR,NYSE
TPVG,NYSE
TPX,NYSE
TR,NYSE
TRC,NYSE
TREB,NYSE
TREC,NYSE
TREX,NYSE
TRGP,NYSE
TRI,NYSE
TRN,NYSE
TRNO,NYSE
TROX,NYSE
TRP,NYSE
TRQ,NYSE
TRTN,NYSE
TRTX,NYSE
TRU,NYSE
TRV,NYSE
TS,NYSE
TUYA,NYSE
TV,NYSE
TVC,NYSE
TVE,NYSE
TWI,NYSE
TWLO,NYSE
TWND,NYSE
TWNI,NYSE
TWO,NYSE
TWOA,NYSE
TWTR,NYSE
TX,NYSE
TXT,NYSE
TYL,NYSE
U,NYSE
UA,NYSE
UAA,NYSE
UAN,NYSE
UBA,NYSE
UBER,NYSE
UBP,NYSE
UBS,NYSE
UDR,NYSE
UE,NYSE
UFI,NYSE
UFS,NYSE
UGI,NYSE
UGP,NYSE
UHS,NYSE
UHT,NYSE
UI,NYSE
UIS,NYSE
UL,NYSE
UMC,NYSE
UMH,NYSE
UNF,NYSE
UNFI,NYSE
UNH,NYSE
UNM,NYSE
UNMA,NYSE
UNP,NYSE
UNVR,NYSE
UPS,NYSE
URI,NYSE
USAC,NYSE
USB,NYSE
USDP,NYSE
USFD,NYSE
USM,NYSE
USNA,NYSE
USPH,NYSE
USX,NYSE
UTI,NYSE
UTL,NYSE
UTZ,NYSE
UVE,NYSE
UVV,NYSE
UWMC,NYSE
UZA,NYSE
UZB,NYSE
UZC,NYSE
UZD,NYSE
UZE,NYSE
V,NYSE
VAC,NYSE
VALE,NYSE
VAPO,NYSE
