A,21.42
AA,4.46
AAC,6.54
AACG,13.22
AACQ,0.61
AACQU,0.76
ACET,3.22
ACEV,0.57
ACEVU,0.72
ACEVW,0.58
ACGL,21.47
ACGLO,3.67
AUD,21.47
AUDC,21.47
AUMN,11.95
AUPH,6.62
AURCU,0.12
AUTL,2.82
STLD,21.47
STM,21.47
STMP,21.47
STN,15.71
STND,10.53
STNE,2.48
STNG,11.05
STOK,1.83
STON,16.59
STOR,6.41
STPC,0.13
STPK,0.52
STRA,21.47
STRL,21.47
STRM,21.47
STRO,2.55
STRR,16.86
STRRP,1.59
STRS,21.47
STRT,21.47
STSA,1.59
STT,21.47
STTK,0.52
STWD,11.68
STWO,0.38
STWOU,0.58
STWOW,0.42
STX,18.36
STXB,2.95
STXS,16.69
STZ,21.47
SU,21.47
SUI,21.47
SULR,0.42
SUM,6.1
SUMO,0.58
SUMR,14.12
SUN,8.58
SUNS,10.15
SUNW,5.28
SUP,21.47
SUPN,8.96
SUPV,4.91
SURF,2.99
SUZ,13.68
SV,0.35
SVAC,0.45
SVACU,0.6
SVACW,0.44
SVAL,0.46
SVBI,20.3
SVC,21.47
SVFA,0.22
SVFAU,0.27
SVFAW,0.22
SVFB,0.1
SVFC,0.1
SVM,15.97
SVMK,2.56
SVOK,0.18
AUTO,20.3
AUUD,0.16
AUUDW,0.16
AUVI,0.62
AUY,17.27
AVA,21.47
SVOKU,0.33
SVOKW,0.18
SVRA,16.98
SVSVU,0.39
SVSVW,0.35
SVT,21.47
SVVC,9.98
SWAV,2.11
SWBI,21.47
SWBK,0.13
SWCH,3.53
SWET,0.12
SWETU,0.26
SWETW,0.12
SWI,2.49
SWIR,20.96
SWK,21.47
SWKH,11.88
SWKS,21.47
SWM,21.47
SWN,21.47
SWT,1.44
SWTX,1.59
SWX,21.47
SWZ,21.47
SXC,9.75
SXI,21.47
SXT,21.47
SXTC,2.28
SY,1.96
SYBT,21.47
SYBX,5.55
SYF,6.72
SYK,21.47
SYKE,21.47
SYN,14.34
SYNA,19.22
SYNH,6.44
SYNL,21.47
SYPR,21.47
SYRS,4.8
SYTA,0.56
SYTAW,0.56
SYX,21.47
SYY,21.47
SZC,8.56
T,21.47
TA,14.21
TAC,19.72
TACA,0.23
TACO,7.27
TACT,21.47
TAEQ,0.94
TAIT,21.47
TAK,12.48
TAL,10.5
TALO,2.94
TANH,6.07
TANNI,8.24
TANNL,6.33
AVAL,6.57
AVAN,0.39
AVAV,14.24
AVB,21.47
AVCO,4.36
AVCT,3.69
TANNZ,5.52
TAOP,14.6
TAP,21.47
TARA,6.49
TARO,21.47
TARS,0.5
TAST,14.35
TATT,21.47
TAYD,21.47
TBA,0.25
TBB,3.44
TBBK,17.21
TBC,2.69
TBCP,0.04
TBCPU,0.19
TBCPW,0.04
TBI,21.47
TBIO,2.8
TBJL,0.66
TBK,6.44
TBKCP,0.83
TBLT,2.37
TBLTW,2.37
TBNK,11.77
TBPH,6.92
TBSAU,0.07
TC,2.41
TCAC,0.03
TCACU,0.17
TCACW,0.03
TCBI,17.68
TCBIL,8.55
TCBIO,0.14
TCBIP,8.07
TCBK,21.47
TCDA,2.8
TCF,21.47
TCFC,19.14
TCFCP,1.71
TCI,21.47
TCMD,4.72
TCOM,17.36
TCON,6.21
TCPC,9.04
TCRR,2.17
TCS,7.46
TCVA,0.01
TCX,21.47
TD,21.47
TDA,8.37
TDAC,2.84
TDACU,2.88
TDACW,2.84
TDC,13.55
TDE,9.94
TDF,21.47
TDG,15.1
TDI,16.02
TDJ,10.06
TDOC,5.8
AVCTW,3.69
AVD,21.47
AVDG,0.29
AVDL,21.47
AVDR,0.29
AVEO,11.1
TDS,21.47
TDUP,0.06
TDW,21.47
TDY,21.41
TEAF,2.06
TEAM,5.35
TECH,21.47
TECK,18.76
TECTP,1.88
TEDU,7.04
TEF,21.47
TEGS,0.94
TEI,21.47
TEKK,0.3
TEKKU,0.48
TEKKW,0.3
TEL,13.85
TELA,1.44
TELL,21.47
TEN,21.47
TENB,2.73
TENX,21.47
TEO,21.47
TER,21.47
TERN,0.19
TESS,21.47
TETCU,0.08
TEVA,21.47
TEX,21.47
TFC,21.47
TFFP,1.48
TFII,12.92
TFJL,0.66
TFSA,0.18
TFSL,13.99
TFX,21.47
TG,21.47
TGA,21.47
TGB,21.47
TGH,13.53
TGI,21.47
TGLS,8.94
TGNA,21.47
TGP,15.96
TGS,21.47
TGT,21.47
TGTX,10.96
TH,7.73
THBR,1.53
THBRU,1.69
THBRW,1.53
THC,21.47
THCA,1.72
THCAU,1.76
THCAW,1.68
THCB,2.06
THCBU,2.12
THCBW,2.06
THFF,21.47
THG,21.47
AVGO,11.7
AVGOP,1.56
AVGR,6.21
AVID,21.47
AVIR,0.46
AVK,17.98
THM,13.97
THMA,0.04
THMAU,0.2
THMAW,0.06
THMO,21.47
THO,21.47
THQ,6.72
THR,9.96
THRM,21.47
THRY,4.22
THS,15.81
THTX,5.28
THW,5.81
THWWW,3.1
THY,0.81
TIG,0.75
TIGO,9.88
TIGR,2.08
TIL,0.08
TILE,21.47
TIMB,0.5
TINV,0.25
TIOAU,0.02
TIPT,10.51
TIRX,0.22
TISI,21.47
TITN,13.35
TIXT,0.2
TJX,21.47
TK,21.47
TKAT,5.39
TKC,20.78
TKR,21.47
TLC,2.4
TLGA,0.07
TLGT,5.48
TLIS,0.17
TLK,20.3
TLMD,1.22
TLMDW,1.22
TLND,4.72
TLRY,2.75
TLS,0.41
TLSA,2.41
TLYS,8.96
TM,21.47
TMAC,0.06
TMAT,0.21
TMBR,5.86
TMDI,11.81
TMDX,1.96
TME,2.35
TMHC,8.02
TMKR,0.13
TMKRU,0.27
TMKRW,0.13
TMO,21.47
TMP,21.47
TMPM,0.3
TMPMU,0.5
AVLR,2.84
AVNS,6.49
AVNT,21.47
AVNW,21.47
AVO,0.54
AVRO,2.82
TMPMW,0.31
TMQ,8.98
TMST,6.83
TMTS,0.45
TMTSW,0.45
TMUS,14.0
TMX,6.81
TNC,21.47
TNDM,7.42
TNET,7.06
TNK,13.35
TNL,14.75
TNP,19.13
TNXP,8.94
TOL,21.47
TOMZ,5.28
TOPS,16.72
TOT,21.47
TOUR,6.94
TOWN,21.47
TPB,4.93
TPC,21.47
TPCO,6.73
TPGS,0.02
TPGY,0.38
TPH,8.21
TPHS,8.56
TPIC,4.74
TPL,21.47
TPR,20.54
TPTX,2.0
TPVG,7.12
TPX,17.34
TPZ,11.72
TR,21.47
TRC,21.47
TRCH,10.44
TREB,0.69
TREC,14.72
TREE,12.68
TREX,21.47
TRGP,10.36
TRHC,4.55
TRI,18.86
TRIB,21.47
TRIL,16.08
TRIN,0.21
TRIP,9.36
TRIT,0.43
TRITW,0.43
TRMB,21.47
TRMD,3.15
TRMK,21.47
TRMT,3.59
TRN,21.47
TRNO,11.19
TRNS,21.47
TROW,21.47
TROX,10.38
TRP,21.47
AVT,21.47
AVTR,1.92
AVXL,14.72
AVY,21.47
AVYA,3.33
AWF,21.47
TRQ,17.42
TRS,13.92
TRST,21.47
TRT,21.47
TRTN,15.52
TRTX,3.74
TRU,5.81
TRUE,20.97
TRUP,6.75
TRV,21.47
TRVG,4.33
TRVI,1.95
TRVN,7.21
TRX,15.94
TS,18.35
TSBK,21.47
TSC,7.94
TSCAP,3.09
TSCBP,1.9
TSCO,21.47
TSE,6.85
TSEM,21.47
TSHA,0.56
TSI,21.47
TSIA,0.29
TSIAU,0.43
TSIAW,0.29
TSIB,0.03
TSIBU,0.17
TSIBW,0.03
TSLA,10.81
TSLX,7.08
TSM,21.47
TSN,21.47
TSOC,0.54
TSP,0.0
TSQ,6.73
TSRI,21.47
TT,21.47
TTC,21.47
TTCF,2.59
TTD,4.57
TTEC,21.47
TTEK,21.47
TTGT,13.93
TTI,21.47
TTM,16.56
TTMI,20.57
TTNP,14.31
TTOO,6.7
TTP,9.48
TTWO,21.47
TU,21.47
TUFN,2.02
TUP,21.47
TURN,4.21
TUSK,4.51
TUYA,0.08
TV,21.47
TVAC,0.18
AWH,20.55
AWI,14.5
AWK,12.99
AWP,13.98
AWR,21.47
AWRE,21.47
TVACU,0.35
TVACW,0.18
TVC,21.47
TVE,21.47
TVTX,8.44
TVTY,21.47
TW,2.04
TWCT,0.44
TWCTU,0.59
TWCTW,0.45
TWI,21.47
TWIN,21.47
TWLO,4.82
TWLVU,0.13
TWN,21.47
TWND,0.48
TWNI,0.02
TWNK,5.38
TWNKW,5.39
TWO,11.47
TWOA,0.05
TWOU,7.06
TWST,2.46
TWTR,7.44
TX,15.21
TXG,1.59
TXMD,17.36
TXN,21.47
TXRH,16.54
TXT,21.47
TY,21.47
TYG,17.15
TYHT,4.55
TYL,21.47
TYME,6.1
TZOO,18.65
TZPS,0.09
TZPSU,0.24
TZPSW,0.1
U,0.58
UA,5.03
UAA,15.42
UAL,15.2
UAMY,21.16
UAN,10.03
UAVS,3.06
UBA,21.47
UBCP,21.47
UBER,1.94
UBFO,21.47
UBOH,21.08
UBP,21.47
UBS,6.41
UBSI,21.47
UBX,2.96
UCBI,19.09
UCBIO,0.87
UCL,0.85
UCTT,17.07
UDR,21.47
AWX,21.47
AX,2.54
AXAS,21.47
AXDX,21.47
AXGN,21.47
AXL,21.47
UE,6.25
UEC,14.04
UEIC,21.47
UEPS,21.47
UFAB,5.8
UFCS,21.47
UFI,21.47
UFPI,21.47
UFPT,21.47
UFS,20.3
UG,21.47
UGI,21.47
UGP,21.47
UGRO,1.42
UHAL,21.47
UHS,21.47
UHT,21.47
UI,9.51
UIHC,13.45
UIS,21.47
UK,0.41
UKOMW,0.41
UL,21.47
ULBI,21.47
ULCC,0.04
ULH,4.96
ULTA,13.48
UMBF,21.47
UMC,20.59
UMH,21.47
UMPQ,21.47
UNAM,21.47
UNB,21.47
UNF,21.47
UNFI,21.47
UNH,21.47
UNIT,5.99
UNM,21.47
UNMA,2.83
UNP,21.47
UNTY,21.47
UNVR,5.83
UONE,21.47
UONEK,20.87
UPC,0.07
UPLD,6.45
UPS,21.45
UPST,0.33
UPWK,2.54
URBN,21.47
URG,12.73
URGN,3.95
URI,21.47
USA,21.47
USAC,8.25
USAK,21.47
USAP,21.47
USAS,4.3
USAT,21.47
USAU,21.47
AXLA,1.94
AXNX,2.46
AXON,19.87
AXP,21.47
AXR,21.47
AXS,17.81
USB,21.47
USCR,10.51
USDP,6.52
USEG,21.47
USFD,4.89
USIO,20.3
USLM,21.47
USM,21.47
USNA,21.47
USPH,21.47
USWS,2.43
USWSW,3.95
USX,2.84
UTF,16.94
UTG,17.15
UTHR,21.47
UTI,17.34
UTL,21.47
UTMD,21.47
UTME,0.03
UTSI,21.13
UTZ,2.39
UUU,21.47
UUUU,14.4
UVE,17.87
UVSP,21.47
UVV,21.47
UWMC,0.12
UXIN,2.81
UZA,9.93
UZB,6.36
UZC,5.4
UZD,0.66
UZE,0.33
V,13.08
VABK,19.88
VAC,9.44
VACQ,0.39
VACQU,0.56
VACQW,0.36
VALE,19.08
VALU,21.47
VAPO,2.42
VAQC,0.1
VBF,21.47
VBFC,21.47
VBIV,21.47
VBLT,6.55
VBTX,6.52
VC,10.54
VCEL,21.47
VCF,21.47
VCIF,1.89
VCKA,0.12
VCKAU,0.27
VCKAW,0.11
VCNX,2.69
VCRA,9.06
VCTR,3.19
VCV,21.47
ACGLP,4.56
ACH,19.36
ACHC,21.47
ACHL,0.04
ACHV,21.47
ACI,0.81
AXSM,5.41
AXTA,6.43
AXTI,21.47
AXU,14.61
AY,6.85
AYI,19.38
VCVC,0.25
VCVCU,0.39
VCVCW,0.26
VCYT,7.47
VEC,6.59
VECO,21.47
VECT,0.02
VEDL,13.83
VEEV,7.5
VEI,0.08
VEL,1.25
VELOU,0.14
VENA,0.01
VENAR,0.01
VENAU,0.18
VENAW,0.01
VEON,21.47
VER,5.72
VERB,6.21
VERBW,2.03
VERI,3.93
VERO,8.45
VERU,21.47
VERX,0.72
VERY,1.67
VET,10.59
VFC,21.47
VFF,11.07
VFL,21.47
VG,14.91
VGAC,0.39
VGI,9.15
VGM,21.47
VGR,21.47
VGZ,21.47
VHAQ,0.19
VHC,21.47
VHI,21.47
VIAC,15.29
VIACA,15.29
VIACP,0.06
VIAO,0.56
VIAV,5.7
VICI,3.5
VICR,21.47
VIEW,0.49
VIEWW,0.48
VIH,0.41
VIHAU,0.56
VIHAW,0.4
VII,0.17
VIIAU,0.31
VIIAW,0.17
VINC,0.89
VINCW,0.9
VINO,4.56
VINP,0.21
VIOT,2.56
VIPS,9.07
VIR,1.52
AYLA,0.94
AYRO,3.21
AYTU,4.21
AYX,4.07
AZEK,0.84
AZN,21.47
VIRC,21.47
VIRI,0.33
VIRS,0.81
VIRT,6.01
VIRX,15.56
VISL,9.0
VIST,1.73
VITL,0.71
VIV,21.47
VIVE,20.3
VIVO,21.47
VJET,7.5
VKI,21.47
VKQ,21.47
VKTX,5.97
VLDR,2.47
VLDRW,0.54
VLGEA,21.47
VLO,21.47
VLON,0.18
VLRS,7.58
VLT,21.47
VLY,21.47
VLYPO,3.72
VLYPP,5.84
VMAC,0.65
VMACW,0.65
VMAR,0.39
VMC,21.47
VMD,3.28
VMI,21.47
VMM,21.47
VMO,21.47
VMW,13.68
VNCE,7.4
VNDA,15.02
VNE,2.85
VNET,9.99
VNO,21.47
VNOM,6.83
VNRX,13.99
VNT,0.52
VNTR,3.7
VOC,9.95
VOD,21.47
VOLT,21.47
VOR,0.19
VOSO,0.08
VOSOU,0.23
VOSOW,0.09
VOXX,21.47
VOYA,7.96
VPCBU,0.12
VPG,10.82
VPV,21.47
VRA,10.49
VRAY,5.3
VRCA,2.84
VRDN,6.83
VREX,4.24
AZO,21.47
AZPN,21.47
AZRE,4.51
AZRX,4.52
AZUL,4.02
AZYO,0.52
VRM,0.85
VRME,11.95
VRMEW,0.83
VRNA,3.97
VRNS,7.13
VRNT,18.93
VRPX,0.16
VRRM,4.07
VRS,4.75
VRSK,11.53
VRSN,21.47
VRT,2.72
VRTS,12.29
VRTV,6.8
VRTX,21.47
VS,0.25
VSAT,21.47
VSEC,21.47
VSH,21.47
VSPR,0.39
VSPRU,0.54
VSPRW,0.38
VSSYW,0.25
VST,4.53
VSTA,0.71
VSTM,9.22
VSTO,6.18
VTA,13.73
VTAQ,0.19
VTAQR,0.19
VTAQU,0.31
VTAQW,0.19
VTGN,4.95
VTIQ,0.12
VTIQU,0.27
VTIQW,0.12
VTN,21.47
VTNR,21.47
VTOL,8.24
VTR,21.47
VTRS,0.41
VTRU,0.58
VTSI,5.28
VTVT,5.72
VUSB,0.02
VUZI,11.04
VVI,16.69
VVNT,1.24
VVOS,0.35
VVPR,4.3
VVR,21.47
VVV,4.56
VWTR,21.47
VXRT,3.18
VYGG,0.4
VYGR,5.43
VYNE,3.22
VYNT,8.04
VZ,21.47
VZIO,0.06
AZZ,21.47
B,21.47
BA,21.47
BABA,6.58
BAC,21.47
BAH,10.42
W,6.54
WAB,21.47
WABC,21.47
WAFD,21.47
WAFDP,0.2
WAFU,1.96
WAL,15.8
WALA,4.82
WALDU,0.08
WASH,21.47
WAT,21.47
WATT,7.06
WB,7.0
WBA,21.47
WBAI,7.4
WBK,21.47
WBS,21.47
WBT,5.16
WCC,21.47
WCN,21.47
WD,10.34
WDAY,8.52
WDC,21.47
WDFC,21.47
WDR,21.47
WEA,19.07
WEC,21.47
WEI,2.42
WELL,20.3
WEN,21.47
WERN,21.47
WES,8.35
WETF,21.47
WEX,16.17
WEYS,21.47
WF,17.55
WFC,21.47
WFCF,10.15
WFG,13.77
WGO,21.47
WH,2.91
WHD,3.19
WHF,8.36
WHFBZ,2.38
WHG,18.85
WHLM,21.47
WHLR,8.41
WHLRD,4.57
WHLRP,6.56
WHR,21.47
WIA,17.56
WIFI,9.96
WILC,21.47
WIMI,1.04
WINA,21.47
WING,5.85
WINT,5.28
WIRE,21.47
WISA,2.72
WISH,0.33
BAK,21.47
BALY,2.05
BAM,21.47
BAMH,0.48
BAMI,0.38
BANC,18.55
WIT,20.5
WIW,17.15
WIX,7.45
WK,6.35
WKEY,2.26
WKHS,6.7
WLDN,14.41
WLFC,21.47
WLK,16.69
WLKP,6.72
WLL,0.62
WLMS,14.55
WLTW,5.28
WM,21.47
WMB,21.47
WMC,8.94
WMG,0.87
WMK,21.47
WMPN,13.01
WMS,6.73
WMT,21.47
WNC,21.47
WNEB,18.97
WNS,14.73
WNW,0.33
WOOF,0.25
WOR,21.47
WORK,1.82
WORX,4.53
WOW,3.9
WPC,21.47
WPF,0.75
WPG,6.93
WPM,5.28
WPP,21.47
WPRT,12.68
WRAP,2.88
WRB,21.47
WRE,21.47
WRI,21.47
WRK,5.82
WRLD,21.47
WRN,14.92
WSBC,21.47
WSBCP,0.7
WSBF,15.54
WSC,3.38
WSFS,21.47
WSM,21.47
WSO,21.47
WSR,10.65
WST,21.47
WSTG,21.47
WTBA,21.47
WTER,6.75
WTFC,21.47
WTFCM,5.78
WTFCP,0.94
WTI,16.22
WTM,21.47
BAND,3.43
BANF,21.47
BANFP,17.1
BANR,21.47
BANX,7.44
BAOS,0.18
WTRE,2.05
WTREP,1.68
WTRG,21.47
WTRH,4.66
WTRU,2.0
WTS,21.47
WTT,21.47
WTTR,3.99
WU,14.55
WUGI,1.04
WVE,5.43
WVFC,21.47
WVVI,21.47
WVVIP,4.8
WW,19.43
WWD,21.47
WWE,21.47
WWR,3.65
WWW,21.47
WY,21.47
WYNN,18.49
WYY,21.47
X,21.47
XAIR,3.57
XBAP,0.04
XBIO,6.8
XBIOW,1.73
XBIT,6.01
XCUR,2.9
XDAP,0.04
XDAT,0.25
XDQQ,0.04
XDSQ,0.04
XEC,18.57
XEL,21.47
XELA,6.11
XELB,19.96
XENE,6.45
XENT,6.73
XERS,2.82
XFLT,3.55
XFOR,3.42
XGN,1.58
XHR,6.2
XIN,13.35
XJH,0.56
XJR,0.56
XL,1.62
XLNX,21.47
XLRN,7.58
XM,0.21
XNCR,7.37
XNET,6.82
XOG,0.23
XOM,21.47
XOMA,21.47
XOMAO,0.01
XOMAP,0.33
XONE,8.19
XP,1.35
BAP,21.47
BATL,1.31
BATRA,5.0
BATRK,5.0
BAX,21.47
BB,21.47
XPDI,0.02
XPDIU,0.18
XPDIW,0.02
XPEL,13.76
XPER,17.42
XPEV,0.64
XPL,14.62
XPO,17.54
XPOA,0.35
XRAY,21.47
XRX,21.47
XSPA,3.28
XTAP,0.04
XTLB,15.63
XTNT,5.5
XVV,0.56
XXII,10.23
XYF,2.58
XYL,9.52
Y,21.47
YAC,0.56
YALA,0.54
YCBD,1.97
YDEC,0.32
YELL,21.47
YELP,9.13
YETI,2.48
YEXT,4.01
YGMZ,0.48
YI,2.59
YJ,1.96
YMAB,2.57
YMAR,0.07
YMTX,5.18
YNDX,9.9
YORW,21.47
YPF,21.47
YQ,0.36
YRD,5.33
YSAC,0.35
YSACU,0.48
YSACW,0.35
YSG,0.41
YTEN,14.44
YTPG,0.01
YTRA,4.33
YUM,21.47
YUMC,4.5
YVR,2.68
YY,8.41
Z,5.71
ZBH,19.74
ZBRA,21.47
ZCMD,1.14
ZDGE,4.89
ZEAL,3.69
ZEN,6.93
ZEPP,3.19
ZEUS,21.47
ZG,9.75
BBAR,21.47
BBBY,21.47
BBCP,3.65
BBD,19.41
BBDC,2.7
BBDO,9.1
ZGNX,10.4
ZGYH,0.99
ZGYHR,0.93
ZGYHU,1.17
ZGYHW,0.93
ZH,0.06
ZI,0.87
ZIM,0.21
ZION,21.47
ZIONL,7.58
ZIONN,6.57
ZIONO,6.57
ZIONP,6.57
ZIOP,15.65
ZIXI,21.47
ZKIN,3.62
ZLAB,3.57
ZM,2.0
ZNGA,9.34
ZNH,21.47
ZNTE,0.27
ZNTEU,0.41
ZNTEW,0.27
ZNTL,1.04
ZOM,4.72
ZS,3.09
ZSAN,6.22
ZTO,4.47
ZTR,21.47
ZTS,8.21
ZUMZ,15.96
ZUO,3.02
ZVO,12.01
ZWRK,0.03
ZWRKU,0.21
ZWRKW,0.06
ZYME,3.97
ZYNE,5.7
ZYXI,18.3
BBGI,21.19
BBI,21.47
BBIG,2.96
BBIO,1.81
BBL,17.82
BBN,10.64
BBQ,21.47
BBSI,21.47
BBU,4.83
BBVA,21.47
BBW,16.48
BBY,21.47
ACIC,0.33
ACII,0.05
ACIU,4.56
ACIW,21.47
ACKIT,0.19
ACKIU,0.32
BC,21.47
BCAB,0.33
BCAC,0.15
BCACU,0.21
BCACW,3.75
BCAT,0.56
BCBP,17.52
BCC,8.19
BCDA,13.1
BCDAW,1.71
BCE,21.47
BCEI,9.34
BCEL,1.82
BCH,19.28
BCLI,17.65
BCML,16.7
BCO,21.47
BCOR,21.47
BCOV,9.17
BCOW,2.27
BCPC,21.47
BCRX,21.47
BCS,21.47
BCSF,2.42
BCTG,0.62
BCTX,0.14
BCTXW,0.14
BCV,21.47
BCX,10.06
BCYC,1.9
BCYP,0.18
BCYPU,0.26
BCYPW,0.18
BDC,21.47
BDJ,15.64
BDL,21.47
BDN,21.47
BDR,21.47
BDSI,18.74
BDSX,0.47
BDTX,1.21
BDX,21.47
BDXB,0.9
BE,2.73
BEAM,1.19
BECN,16.57
BEDU,3.92
BEEM,10.97
BEEMW,2.0
BEKE,0.67
BELFA,21.47
BELFB,21.47
BEN,21.47
BENE,0.21
BENER,0.21
BENEU,0.28
BENEW,0.21
BEP,15.43
BEPC,0.73
BERY,8.54
ACKIW,0.19
ACLS,20.78
ACM,13.95
ACMR,3.45
ACN,19.76
ACNB,21.47
BEST,3.57
BFAM,8.23
BFC,19.22
BFI,3.06
BFIIW,3.06
BFIN,15.81
BFK,19.73
BFLY,0.76
BFRA,3.17
BFS,21.47
BFST,3.02
BFZ,19.73
BG,19.72
BGB,8.56
BGCP,21.36
BGFV,18.59
BGH,8.48
BGI,15.43
BGIO,4.14
BGLD,0.23
BGNE,5.2
BGR,16.32
BGS,13.91
BGSF,6.97
BGT,16.64
BGX,10.22
BGY,13.9
BH,21.47
BHAT,1.73
BHB,21.47
BHC,20.3
BHE,21.47
BHF,3.75
BHFAL,2.59
BHFAN,0.43
BHFAO,0.91
BHFAP,2.08
BHK,19.39
BHLB,20.81
BHP,21.47
BHR,7.45
BHSE,0.33
BHSEU,0.46
BHSEW,0.33
BHTG,5.47
BHV,18.99
BHVN,3.95
BIDU,15.71
BIF,21.47
BIG,21.47
BIGC,0.7
BIGZ,0.06
BIIB,21.47
BILI,3.05
BILL,1.35
BIMI,14.5
BIO,21.47
BIOC,16.15
BIOL,21.47
BIOT,0.07
ACND,0.59
ACOR,15.19
ACP,10.22
ACQRU,0.1
ACR,15.2
ACRE,8.98
BIOTU,0.22
BIOTW,0.08
BIOX,3.07
BIP,13.27
BIPC,1.04
BIT,8.14
BITE,0.03
BIVI,6.95
BJ,2.8
BJRI,21.47
BK,21.47
BKCC,13.81
BKD,15.41
BKE,21.47
BKEP,10.3
BKEPP,9.12
BKH,21.47
BKI,5.91
BKN,21.47
BKNG,21.47
BKR,3.78
BKSC,21.47
BKT,21.47
BKTI,20.3
BKU,10.22
BKYI,19.16
BL,4.47
BLBD,7.08
BLCM,6.33
BLCT,0.77
BLD,5.8
BLDG,0.56
BLDP,21.47
BLDR,15.81
BLE,18.73
BLFS,21.47
BLI,0.75
BLIN,13.81
BLK,21.47
BLKB,16.73
BLL,21.47
BLMN,8.69
BLNK,3.17
BLNKW,3.17
BLPH,6.18
BLRX,9.73
BLSA,0.48
BLTS,0.13
BLTSU,0.27
BLTSW,0.13
BLU,12.3
BLUA,0.07
BLUE,7.83
BLUW,0.18
BLUWU,0.33
BLUWW,0.18
BLW,17.73
BLX,21.47
BMA,15.07
BMBL,0.18
ACRS,5.53
ACRX,10.18
ACST,9.95
ACTC,0.39
ACTCU,0.56
ACTCW,0.39
BME,16.06
BMEZ,1.21
BMI,21.47
BMO,21.47
BMRA,16.29
BMRC,21.33
BMRN,21.47
BMTC,21.47
BMTX,2.57
BMY,21.47
BNED,5.71
BNFT,7.58
BNGO,2.57
BNGOW,2.57
BNL,0.07
BNR,0.84
BNS,21.47
BNSO,21.47
BNTC,5.67
BNTX,1.52
BNY,19.73
BOAC,0.33
BOAS,0.03
BOB,0.25
BOCH,21.47
BOE,15.9
BOH,21.47
BOKF,21.47
BOKFL,4.8
BOLT,0.19
BOMN,3.84
BOOM,21.47
BOOT,6.47
BORR,2.9
BOSC,21.47
BOTJ,20.7
BOWX,0.48
BOWXU,0.7
BOWXW,0.48
BOX,6.23
BOXL,3.38
BP,21.47
BPFH,21.47
BPMC,5.97
BPMP,3.47
BPOP,21.47
BPOPM,12.41
BPOPN,16.96
BPRN,4.76
BPT,21.47
BPTH,13.13
BPTS,0.18
BPY,8.07
BPYPN,1.18
BPYPO,1.67
BPYPP,2.09
BPYU,2.64
BPYUP,2.63
BQ,0.54
BR,14.05
ACTDU,0.07
ACTG,18.35
ACU,21.47
ACV,5.91
ACVA,0.06
ACY,21.47
BRBR,1.5
BRBS,13.69
BRC,21.47
BREZ,0.31
BREZR,0.31
BREZW,0.31
BRFS,20.3
BRG,7.06
BRID,21.47
BRKL,21.47
BRKR,20.71
BRKS,21.47
BRLI,0.73
BRLIR,0.73
BRLIU,0.81
BRLIW,0.73
BRMK,1.42
BRN,21.47
BRO,21.47
BROG,2.76
BROGW,2.76
BRP,1.48
BRPA,3.37
BRPAR,3.38
BRPAW,3.38
BRPM,0.01
BRPMU,0.15
BRPMW,0.01
BRQS,3.65
BRT,21.47
BRX,7.47
BRY,2.75
BSA,3.06
BSAC,21.47
BSBK,1.25
BSBR,11.53
BSET,21.47
BSGM,6.47
BSIG,3.06
BSL,10.9
BSM,5.96
BSMX,8.56
BSN,0.45
BSPE,0.18
BSQR,21.47
BSRR,21.47
BST,6.47
BSTZ,1.81
BSVN,2.57
BSX,21.47
BSY,0.56
BTA,15.14
BTAI,3.11
BTAQ,0.52
BTAQU,0.64
BTAQW,0.52
BTBT,3.08
BTG,12.82
BTI,21.47
BTN,20.34
ADAG,0.18
ADAP,5.95
ADBE,21.47
ADC,21.47
ADCT,0.92
ADER,0.11
BTNB,0.22
BTO,21.47
BTRS,1.7
BTRSW,1.72
BTT,8.63
BTU,19.92
BTWN,0.36
BTWNU,0.5
BTWNW,0.36
BTX,21.47
BTZ,14.33
BUD,11.8
BUFD,0.23
BUFF,4.49
BUI,9.4
BUR,6.05
BURL,7.54
BUSE,21.47
BV,2.8
BVH,5.28
BVN,21.47
BVS,0.18
BVXV,5.93
BW,5.8
BWA,21.47
BWAC,0.3
BWACU,0.42
BWACW,0.3
BWAY,2.0
BWB,3.09
BWEN,17.06
BWFG,11.04
BWG,9.06
BWMX,1.08
BWSN,0.16
BWXT,10.71
BX,13.83
BXC,16.35
BXG,3.41
BXMT,21.47
BXMX,16.48
BXP,21.47
BXRX,1.4
BXS,21.47
BY,3.8
BYD,21.47
BYFC,21.47
BYM,18.48
BYND,1.96
BYSI,4.11
BYTSU,0.08
BZH,21.47
BZM,18.99
BZUN,5.91
C,21.47
CAAP,3.21
CAAS,17.54
CABA,1.48
CABO,5.8
CAC,21.47
ADERU,0.25
ADERW,0.1
ADES,17.24
ADEX,0.12
ADFI,0.66
ADI,21.47
CACC,21.47
CACI,21.47
CADE,4.01
CAE,21.47
CAF,14.56
CAG,21.47
CAH,21.47
CAHC,0.08
CAHCU,0.22
CAHCW,0.1
CAI,5.68
CAJ,21.47
CAKE,21.47
CAL,21.47
CALA,6.54
CALB,3.56
CALM,21.47
CALT,0.86
CALX,11.07
CAMT,20.73
CAN,1.41
CANF,8.45
CANG,2.73
CAP,0.23
CAPA,0.42
CAPAU,0.61
CAPAW,0.45
CAPL,8.48
CAPR,14.18
CAR,21.47
CARA,7.21
CARE,8.64
CARG,3.51
CARR,1.08
CARS,3.88
CARV,21.47
CAS,0.25
CASA,3.34
CASH,21.47
CASI,21.47
CASS,21.47
CASY,21.47
CAT,21.47
CATB,5.81
CATC,4.21
CATM,13.35
CATO,21.47
CATY,21.47
CB,21.47
CBAH,0.2
CBAN,21.47
CBAT,18.57
CBAY,7.2
CBB,21.47
CBD,21.47
CBFV,19.87
CBH,3.8
CBIO,15.02
CBLI,14.74
CBMB,2.55
ADIL,2.72
ADILW,2.72
ADM,21.47
ADMA,7.5
ADME,4.85
ADMP,21.47
CBNK,2.56
CBOE,10.84
CBPO,13.22
CBRE,16.86
CBRL,21.47
CBSH,21.47
CBT,21.47
CBTG,0.29
CBTX,3.44
CBU,21.47
CBZ,21.47
CC,5.8
CCAC,0.98
CCAP,1.2
CCB,2.75
CCBG,21.47
CCCC,0.54
CCD,6.06
CCEP,21.47
CCF,21.47
CCI,21.47
CCIV,0.58
CCJ,21.47
CCK,21.47
CCL,21.47
CCLP,9.84
CCM,11.35
CCMP,21.04
CCNC,5.3
CCNE,21.47
CCNEP,0.65
CCO,15.43
CCOI,19.21
CCRC,5.32
CCRN,19.49
CCS,6.83
CCU,21.47
CCV,0.19
CCVI,0.03
CCX,1.73
CCXI,9.19
CCZ,21.41
CD,0.54
CDAK,0.5
CDAY,2.98
CDE,21.47
CDEV,5.01
CDK,6.56
CDLX,3.18
CDMO,3.27
CDNA,6.75
CDNS,21.47
CDOR,20.3
CDR,21.47
CDTX,6.01
CDW,7.81
CDXC,12.76
CDXS,10.99
CDZI,21.47
CE,16.24
AACQW,0.61
AAIC,21.47
AAL,15.56
AAMC,8.35
AAME,21.47
AAN,0.39
ADMS,7.02
ADN,2.23
ADNT,4.46
ADNWW,2.23
ADOC,0.35
ADOCR,0.35
CEA,21.47
CECE,21.47
CEE,21.47
CEI,13.97
CEIX,3.42
CELC,3.57
CELH,14.24
CELP,7.25
CEM,10.82
CEMI,16.96
CEN,7.56
CENH,0.04
CENHU,0.19
CENHW,0.03
CENT,21.47
CENTA,14.2
CENX,21.47
CEPU,3.2
CEQP,19.74
CERC,5.43
CERE,0.47
CEREW,0.47
CERN,21.47
CERS,21.47
CERT,0.35
CET,21.47
CETX,5.81
CETXP,4.16
CETXW,4.16
CEV,21.47
CEVA,18.47
CF,15.69
CFAC,0.26
CFACU,0.42
CFACW,0.27
CFB,1.67
CFBK,21.47
CFFEU,0.1
CFFI,21.47
CFFN,21.47
CFFVU,0.21
CFFVW,0.06
CFG,6.56
CFIV,0.16
CFIVU,0.31
CFIVW,0.16
CFMS,5.8
CFR,21.47
CFRX,6.6
CFV,0.06
CFVI,0.01
CFVIU,0.15
CFVIW,0.0
CFX,12.95
CFXA,2.27
CG,8.96
CGA,13.01
CGAU,0.0
CGBD,3.84
CGC,7.03
ADOCW,0.35
ADP,21.47
ADPT,1.81
ADRA,0.06
ADS,19.85
ADSK,21.47
CGEM,0.27
CGEN,20.69
CGNT,0.2
CGNX,21.47
CGO,15.48
CHAA,0.03
CHAQ,0.82
CHCI,16.35
CHCO,21.47
CHCT,5.91
CHD,21.47
CHDN,21.47
CHE,21.47
CHEF,9.73
CHEK,6.12
CHEKZ,2.95
CHFS,9.17
CHFW,0.26
CHGG,7.43
CHH,21.47
CHI,18.82
CHK,0.18
CHKEL,0.18
CHKEW,0.18
CHKEZ,0.18
CHKP,21.47
CHMA,5.76
CHMG,21.47
CHMI,7.54
CHN,21.47
CHNG,1.81
CHNGU,1.81
CHNR,21.47
CHPM,1.27
CHPMW,1.27
CHPT,1.58
CHRA,2.84
CHRS,6.45
CHRW,21.47
CHS,21.47
CHSCL,6.25
CHSCM,6.59
CHSCN,7.12
CHSCO,7.57
CHSCP,18.08
CHT,17.53
CHTR,11.28
CHUY,8.73
CHW,13.73
CHWY,1.84
CHX,2.97
CHY,17.9
CI,21.47
CIA,21.47
CIB,21.47
CIDM,17.44
CIEN,21.47
CIF,21.47
CIG,21.47
CIGI,21.47
ADT,3.24
ADTN,21.47
ADTX,0.79
ADUS,11.47
ADV,4.59
ADVM,5.28
CIH,1.85
CII,16.9
CIK,21.47
CIM,13.42
CINF,21.47
CINR,5.45
CIO,7.01
CIR,21.47
CIT,11.36
CIVB,20.3
CIX,21.47
CIXX,0.45
CIZN,21.47
CJJD,12.93
CKH,3.21
CKPT,4.33
CKX,21.47
CL,21.47
CLAR,21.47
CLAS,0.11
CLB,21.47
CLBK,2.99
CLBS,21.47
CLDB,20.3
CLDR,3.97
CLDT,11.01
CLDX,21.47
CLEU,0.94
CLF,21.47
CLFD,21.47
CLGN,3.21
CLGX,21.47
CLH,21.47
CLI,21.47
CLII,0.4
CLIM,0.08
CLIR,8.98
CLLS,6.07
CLM,18.72
CLMT,15.23
CLNC,3.21
CLNE,13.9
CLNN,0.29
CLNNW,0.29
CLNY,6.81
CLOV,0.84
CLOVW,0.26
CLPR,4.18
CLPS,2.9
CLPT,4.69
CLR,13.93
CLRB,15.44
CLRBZ,4.99
CLRM,0.07
CLRMU,0.21
CLRMW,0.07
CLRO,21.47
CLS,21.47
CLSD,4.87
CLSK,5.22
ADVWW,4.59
ADX,21.47
ADXN,1.21
ADXS,15.73
AE,21.47
AEAC,0.11
CLSN,21.47
CLVR,0.33
CLVRW,0.33
CLVS,9.42
CLVT,2.47
CLW,12.37
CLWT,21.47
CLX,21.47
CLXT,3.74
CM,21.47
CMA,21.47
CMBM,1.81
CMC,21.47
CMCL,3.8
CMCM,6.95
CMCO,21.47
CMCSA,21.47
CMCT,21.47
CMD,21.47
CME,18.37
CMFNL,2.76
CMG,15.23
CMI,21.47
CMIIU,0.14
CMLF,0.45
CMLFU,0.62
CMLFW,0.46
CMLS,20.3
CMLTU,0.02
CMMB,2.18
CMO,21.47
CMP,17.36
CMPI,0.69
CMPR,15.55
CMPS,0.58
CMRE,10.45
CMRX,8.02
CMS,21.47
CMSA,3.1
CMSC,2.54
CMSD,2.15
CMT,21.47
CMTL,21.47
CMU,21.47
CNA,21.47
CNBKA,21.47
CNC,19.35
CNCE,7.18
CND,0.21
CNDT,4.28
CNET,11.68
CNEY,0.19
CNF,2.42
CNFR,5.68
CNFRL,2.46
CNHI,7.55
CNI,21.47
CNK,13.99
CNMD,21.47
CNNB,3.84
AEACU,0.25
AEACW,0.11
AEB,15.41
AEE,21.47
AEF,20.3
AEFC,1.48
CNNE,3.41
CNO,17.61
CNOB,21.47
CNP,21.47
CNQ,20.72
CNR,21.47
CNS,16.68
CNSL,15.75
CNSP,1.44
CNST,2.75
CNTB,0.08
CNTG,1.44
CNTY,21.47
CNX,21.47
CNXC,0.39
CNXN,21.47
CO,13.95
COCP,9.92
CODA,17.51
CODI,14.92
CODX,3.76
COE,4.85
COF,21.47
COFS,19.3
COG,21.47
COGT,3.05
COHN,16.96
COHR,21.47
COHU,21.47
COIN,0.01
COKE,21.47
COLB,21.47
COLD,3.24
COLIU,0.14
COLL,5.95
COLM,21.47
COMM,7.48
COMP,0.04
COMS,1.26
COMSW,0.23
CONE,8.25
CONN,17.4
CONX,0.32
CONXU,0.46
CONXW,0.32
COO,21.47
COOL,0.15
COOLU,0.33
COOLW,0.15
COOP,9.06
COP,21.47
COR,10.57
CORE,16.02
CORR,14.21
CORT,17.02
COST,21.47
COTY,7.85
COUP,4.53
COUR,0.04
COVA,0.04
AEG,21.47
AEGN,21.47
AEHL,13.34
AEHR,21.47
AEI,0.39
AEIS,21.47
COVAU,0.19
COVAW,0.04
COWN,14.77
COWNL,2.84
COWNZ,3.34
CP,21.47
CPA,15.35
CPAC,9.15
CPB,21.47
CPE,21.47
CPF,21.47
CPG,14.75
CPHC,12.61
CPHI,19.01
CPIX,11.69
CPK,21.47
CPLG,2.88
CPLP,14.06
CPNG,0.1
CPRI,9.34
CPRT,21.47
CPRX,14.45
CPS,10.9
CPSH,21.47
CPSI,18.92
CPSR,0.64
CPSS,21.47
CPST,20.81
CPT,21.47
CPTA,7.56
CPTAG,3.87
CPTAL,3.9
CPTK,0.04
CPUH,0.05
CPZ,1.39
CQP,14.08
CR,21.47
CRAI,21.47
CRBP,6.43
CRC,0.47
CRCT,0.06
CRDF,16.73
CREE,21.47
CREG,16.4
CRESY,21.47
CREX,7.88
CREXW,2.42
CRF,21.47
CRH,21.47
CRHC,0.46
CRHM,5.62
CRI,17.49
CRIS,20.72
CRK,21.47
CRKN,0.85
CRL,20.83
CRM,16.82
CRMD,10.93
CRMT,21.47
CRNC,1.58
AEL,17.38
AEM,21.47
AEMD,20.3
AENZ,7.73
AEO,21.47
AEP,21.47
CRNT,20.71
CRNX,2.75
CRON,4.76
CROX,15.19
CRS,21.47
CRSA,2.0
CRSAU,2.11
CRSAW,2.0
CRSP,4.49
CRSR,0.56
CRT,21.47
CRTD,7.36
CRTDW,0.59
CRTO,7.47
CRTX,1.94
CRU,0.14
CRUS,21.47
CRVL,21.47
CRVS,5.07
CRWD,1.85
CRWS,17.54
CRY,21.47
CRZNU,0.06
CS,21.47
CSAN,0.11
CSBR,14.21
CSCO,21.47
CSCW,12.6
CSGP,21.47
CSGS,21.47
CSII,14.81
CSIQ,14.44
CSL,21.47
CSLT,7.1
CSOD,10.09
CSPI,21.47
CSPR,1.19
CSQ,17.05
CSR,21.47
CSSE,3.66
CSSEN,0.74
CSSEP,2.81
CSTA,0.08
CSTE,9.07
CSTL,1.73
CSTM,7.9
CSTR,4.57
CSU,21.47
CSV,21.47
CSWC,21.47
CSWI,5.55
CSX,21.47
CTAC,0.35
CTAQ,0.2
CTAQU,0.35
CTAQW,0.2
CTAS,21.47
CTB,21.47
CTBB,4.65
CTBI,21.47
AEPPL,2.09
AEPPZ,0.54
AER,14.41
AERI,7.48
AES,21.47
AESC,0.12
CTDD,3.97
CTEK,3.61
CTG,21.47
CTHR,21.47
CTIB,17.9
CTIC,21.47
CTK,2.55
CTLT,6.72
CTMX,5.53
CTO,21.47
CTOS,3.53
CTR,8.81
CTRE,6.89
CTRM,2.18
CTRN,15.92
CTS,21.47
CTSH,21.47
CTSO,8.29
CTT,7.35
CTVA,1.9
CTXR,3.78
CTXRW,3.7
CTXS,21.47
CUB,21.47
CUBA,21.47
CUBB,1.32
CUBE,16.49
CUBI,9.16
CUE,3.29
CUEN,12.48
CUENW,0.2
CUK,20.49
CULP,21.47
CURI,1.27
CURIW,1.27
CURO,3.36
CUTR,17.05
CUZ,21.47
CVA,21.47
CVAC,0.67
CVBF,21.47
CVCO,17.81
CVCY,21.47
CVE,11.42
CVEO,6.92
CVET,2.19
CVGI,16.7
CVGW,18.75
CVI,13.49
CVII,0.03
CVLG,21.47
CVLT,14.58
CVLY,21.47
CVM,21.47
CVNA,3.97
CVR,21.47
CVS,21.47
CVU,21.47
CVV,21.47
CVX,21.47
AESE,3.48
AESR,1.33
AEVA,1.13
AEY,21.47
AEYE,7.98
AEZS,20.95
CW,21.47
CWBC,21.47
CWBR,6.22
CWCO,21.47
CWEN,7.75
CWH,4.53
CWK,2.71
CWST,21.47
CWT,21.47
CX,21.47
CXDC,13.56
CXDO,5.28
CXE,21.47
CXH,21.47
CXP,7.52
CXW,21.47
CYAD,5.83
CYAN,21.47
CYBE,21.47
CYBR,6.56
CYCC,16.96
CYCCP,15.39
CYCN,2.04
CYD,21.47
CYH,20.87
CYRN,21.47
CYRX,12.29
CYTH,10.15
CYTHW,0.35
CYTK,16.98
CZNC,21.47
CZR,6.57
CZWI,17.06
D,21.47
DAC,14.51
DADA,0.86
DAIO,21.47
DAKT,21.47
DAL,13.96
DAN,13.3
DAO,1.48
DAR,21.47
DARE,7.02
DASH,0.35
DAUG,1.44
DAVA,2.72
DB,21.47
DBD,21.47
DBDR,0.41
DBDRU,0.44
DBDRW,0.41
DBI,15.81
DBL,9.22
DBOC,0.54
DBTX,0.17
DBVT,6.49
DBX,3.07
DCBO,0.37
DCF,3.47
DCI,21.47
AFAQU,0.08
AFB,19.22
AFBI,0.23
AFCG,0.08
AFG,21.47
AFGB,2.08
DCO,21.47
DCOM,21.47
DCOMP,1.21
DCP,15.37
DCPH,3.55
DCRB,0.34
DCRBU,0.49
DCRBW,0.34
DCRCU,0.06
DCRN,0.04
DCRNU,0.19
DCRNW,0.03
DCT,0.67
DCTH,18.97
DCUE,1.85
DD,21.47
DDD,21.47
DDEC,0.32
DDF,21.47
DDMX,0.22
DDMXU,0.35
DDMXW,0.22
DDOG,1.58
DDS,21.47
DDT,21.47
DE,21.47
DEA,6.19
DECK,21.47
DECZ,0.37
DEFN,0.39
DEH,0.61
DEI,14.48
DELL,2.32
DEN,0.57
DENN,21.47
DEO,21.47
DESP,3.57
DEX,13.73
DFEB,1.14
DFFN,5.28
DFH,0.23
DFHT,0.57
DFHTU,0.75
DFHTW,0.55
DFHY,0.35
DFIN,4.54
DFNS,1.07
DFNV,0.35
DFP,7.9
DFPH,0.87
DFPHW,0.87
DFS,13.85
DG,11.43
DGICA,19.99
DGICB,21.47
DGII,21.47
DGLY,13.93
DGNR,0.53
DGNS,0.41
DGNU,0.07
AAOI,7.56
AAON,21.47
AAP,19.39
AAPL,21.47
AAT,10.26
AAU,15.33
AFGC,1.37
AFGD,0.87
AFGE,6.56
AFI,5.08
AFIB,0.69
AFIN,2.75
DGX,21.47
DHBCU,0.12
DHC,21.16
DHCAU,0.12
DHCNI,8.74
DHCNL,5.15
DHF,21.47
DHHC,0.05
DHHCU,0.22
DHHCW,0.06
DHI,21.47
DHIL,21.47
DHR,21.47
DHT,15.52
DHX,13.73
DHY,21.47
DIAX,6.37
DIN,21.47
DIOD,21.47
DIS,21.47
DISAU,0.06
DISCA,15.78
DISCB,15.44
DISCK,12.58
DISH,21.47
DIT,21.47
DJAN,0.24
DJCO,21.47
DJUL,0.74
DJUN,0.82
DK,14.96
DKL,8.46
DKNG,1.73
DKS,18.51
DLA,20.8
DLB,16.17
DLCA,0.12
DLCAU,0.25
DLCAW,0.12
DLHC,21.47
DLNG,7.43
DLPN,3.32
DLR,16.47
DLTH,5.41
DLTR,21.47
DLX,21.47
DLY,1.14
DM,1.96
DMAC,13.29
DMAR,0.07
DMAY,0.91
DMB,7.98
DMF,21.47
DMLP,18.21
DMO,11.15
DMRC,21.39
DMS,0.75
DMTK,3.68
DMYD,0.53
DMYI,0.28
AFINO,0.33
AFINP,2.07
AFL,21.47
AFMD,6.6
AFRM,0.25
AFT,10.15
DNB,0.79
DNLI,3.36
DNMR,0.88
DNN,16.19
DNOV,1.41
DNOW,6.91
DNP,21.47
DNZ,0.07
DOC,7.75
DOCN,0.06
DOCT,0.66
DOCU,2.97
DOGZ,3.33
DOMO,2.8
DOOO,7.76
DOOR,11.74
DORM,21.47
DOV,21.47
DOW,2.08
DOX,21.47
DOYU,1.75
DPG,9.72
DPW,21.47
DPZ,16.77
DQ,10.53
DRD,21.47
DRE,21.47
DRH,15.9
DRI,21.47
DRIO,6.53
DRNA,7.21
DRQ,21.47
DRRX,20.56
DRTT,7.22
DRUA,4.73
DRVN,0.25
DS,18.53
DSAC,0.36
DSACU,0.46
DSACW,0.36
DSE,6.81
DSEP,0.57
DSEY,0.06
DSGN,0.06
DSGX,21.47
DSKE,5.52
DSKEW,5.59
DSL,7.98
DSM,21.47
DSOC,0.54
DSP,0.18
DSPG,21.47
DSS,21.47
DSSI,2.05
DSU,21.47
DSWL,21.47
DSX,16.08
DT,1.71
DTB,0.52
DTE,21.47
AFYA,1.75
AG,14.39
AGAC,0.06
AGBA,1.71
AGBAR,1.75
AGBAW,1.72
DTEA,5.87
DTF,21.47
DTIL,2.05
DTJ,4.88
DTOCU,0.1
DTP,1.46
DTSS,5.03
DTW,3.4
DTY,4.36
DUDE,0.29
DUK,21.47
DUKB,2.57
DUKH,8.25
DUNE,0.15
DUNEU,0.33
DUNEW,0.15
DUO,1.46
DUOT,6.02
DVA,21.47
DVAX,17.17
DVD,21.47
DVN,21.47
DWIN,0.21
DWSN,21.47
DX,21.47
DXC,4.21
DXCM,16.02
DXF,3.13
DXPE,21.47
DXR,21.47
DXYN,21.47
DY,21.47
DYAI,16.45
DYFN,0.81
DYN,0.58
DYNT,21.47
DZSI,17.43
E,21.47
EA,21.47
EAC,0.13
EACPU,0.25
EACPW,0.12
EAD,18.15
EAF,2.99
EAI,4.67
EAR,0.5
EARN,7.96
EARS,6.7
EAST,3.28
EAT,21.47
EB,2.57
EBACU,0.08
EBAY,21.47
EBC,0.5
EBET,0.0
EBF,21.47
EBIX,21.47
EBMT,21.04
EBON,0.81
EBR,12.41
AGC,0.37
AGCB,0.27
AGCO,21.47
AGCUU,0.54
AGCWW,0.36
AGD,14.73
EBS,14.43
EBSB,13.24
EBTC,16.18
EC,12.58
ECCB,4.52
ECCW,0.05
ECCX,2.96
ECCY,3.69
ECF,21.47
ECHO,11.55
ECL,21.47
ECOL,21.47
ECOLW,1.46
ECOR,2.82
ECPG,21.47
ED,21.47
EDAP,21.47
EDD,13.99
EDF,10.31
EDI,8.48
EDIT,5.2
EDN,13.98
EDRY,2.88
EDSA,5.45
EDTK,0.73
EDTX,0.28
EDTXU,0.35
EDTXW,0.17
EDU,14.62
EDUC,21.47
EEA,21.47
EEFT,21.47
EEIQ,0.06
EEX,3.97
EFC,10.53
EFF,7.81
EFL,3.72
EFOI,6.74
EFR,17.4
EFSC,17.77
EFT,16.73
EFX,21.47
EGAN,21.47
EGBN,21.47
EGF,15.48
EGHT,21.47
EGIS,0.41
EGLE,15.82
EGO,18.24
EGOV,21.47
EGP,21.47
EGRX,7.18
EGY,21.47
EH,1.35
EHC,3.3
EHI,17.73
EHT,4.89
EHTH,14.5
AGE,2.38
AGEN,21.2
AGFS,5.71
AGFY,0.21
AGGRU,0.1
AGI,12.18
EIC,1.73
EIG,14.22
EIGR,7.21
EIM,18.65
EIX,21.47
EJFAU,0.14
EKSO,7.25
EL,21.47
ELA,21.47
ELAN,2.57
ELAT,1.23
ELC,4.66
ELDN,6.58
ELF,4.57
ELLO,21.47
ELMD,10.68
ELOX,3.24
ELP,21.47
ELS,21.47
ELSE,21.47
ELTK,21.47
ELVT,4.03
ELY,21.47
ELYS,5.28
EM,0.04
EMAN,21.25
EMCF,21.47
EMD,17.38
EME,21.47
EMF,21.47
EMKR,21.47
EML,21.47
EMN,21.47
EMO,9.85
EMP,4.58
EMPW,0.38
EMR,21.47
EMX,13.64
ENB,21.47
ENBA,2.98
ENBL,7.02
ENDP,20.76
ENFA,0.12
ENFAU,0.26
ENFAW,0.12
ENG,21.47
ENIA,5.28
ENIC,4.97
ENJ,8.37
ENLC,17.27
ENLV,6.72
ENNV,0.03
ENNVU,0.18
ENNVW,0.03
ENO,5.07
ENOB,6.21
ENPC,0.44
ENPH,9.05
ENR,21.07
ENS,16.72
AGIO,7.73
AGL,0.0
AGLE,5.03
AGM,21.47
AGMH,3.0
AGNC,12.93
ENSG,13.44
ENSV,21.47
ENTA,8.08
ENTG,20.78
ENTX,2.8
ENTXW,2.8
ENV,10.72
ENVA,6.43
ENVB,5.82
ENVI,0.11
ENVIU,0.25
ENVIW,0.11
ENX,18.65
ENZ,21.47
EOD,14.06
EOG,21.47
EOI,16.48
EOLS,3.19
EOS,16.23
EOSE,0.87
EOSEW,0.87
EOT,11.9
EPAC,20.74
EPAM,9.19
EPAY,21.47
EPC,21.07
EPD,21.47
EPHY,0.13
EPHYU,0.27
EPHYW,0.13
EPIX,5.78
EPM,21.47
EPR,21.47
EPRT,2.82
EPSN,5.28
EPWR,0.13
EPZM,7.88
EQ,2.51
EQBK,5.43
EQC,21.47
EQD,0.44
EQH,2.94
EQHA,0.07
EQIX,20.69
EQNR,2.92
EQOS,1.92
EQR,21.47
EQS,21.47
EQT,21.47
EQX,2.7
ERC,17.82
ERES,0.59
ERESU,0.73
ERESW,0.59
ERF,20.42
ERH,16.98
ERIC,21.47
ERIE,21.47
ERII,12.8
ERJ,20.75
AGNCM,2.13
AGNCN,3.67
AGNCO,1.55
AGNCP,1.19
AGO,16.99
AGR,5.33
ERYP,4.78
ES,21.47
ESBK,21.47
ESCA,21.47
ESE,21.47
ESEA,14.96
ESGC,7.43
ESGR,21.47
ESGRO,2.42
ESGRP,2.82
ESI,7.49
ESLT,21.47
ESNT,7.46
ESP,21.47
ESPR,7.81
ESQ,3.81
ESRT,7.54
ESS,21.47
ESSA,14.04
ESSC,1.07
ESSCR,1.05
ESSCW,1.05
ESTA,2.75
ESTC,2.53
ESTE,21.47
ESXB,14.62
ET,2.5
ETAC,0.58
ETACU,0.71
ETACW,0.58
ETB,15.98
ETG,17.22
ETH,21.47
ETJ,13.73
ETN,21.47
ETNB,1.43
ETO,16.9
ETON,2.42
ETR,21.47
ETRN,2.46
ETSY,6.01
ETTX,2.56
ETV,15.81
ETW,15.41
ETWO,0.84
ETY,14.39
EUCG,0.28
EUCR,0.3
EUCRU,0.48
EUCRW,0.27
EURN,6.23
EUSG,0.1
EUSGU,0.23
EUSGW,0.1
EVA,5.97
EVAX,0.19
EVBG,4.58
EVBN,19.78
EVC,20.72
AGRO,10.22
AGRX,6.9
AGS,3.22
AGTC,7.06
AGX,21.47
AGYS,21.47
EVER,2.8
EVF,21.47
EVFM,3.25
EVG,16.15
EVGN,13.12
EVH,5.87
EVI,21.47
EVK,12.76
EVLO,2.94
EVM,18.65
EVN,21.47
EVOJ,0.02
EVOJU,0.18
EVOJW,0.02
EVOK,7.56
EVOL,21.47
EVOP,2.9
EVR,14.68
EVRG,2.87
EVRI,5.65
EVT,17.57
EVTC,8.02
EVV,17.86
EVY,21.47
EW,21.07
EWBC,21.47
EWTX,0.06
EXAS,20.22
EXC,21.47
EXD,10.82
EXEL,21.01
EXFO,20.81
EXG,13.99
EXK,14.98
EXLS,14.5
EXN,5.28
EXP,21.47
EXPC,1.45
EXPCU,1.59
EXPCW,1.28
EXPD,21.47
EXPE,15.75
EXPI,7.16
EXPO,21.47
EXPR,10.93
EXR,16.68
EXTN,5.45
EXTR,21.47
EYE,3.47
EYEG,5.72
EYEN,3.22
EYES,6.41
EYESW,4.05
EYPT,16.23
EZGO,0.22
EZPW,21.47
F,21.47
FACA,0.01
FAF,10.89
FAII,0.54
AHAC,0.37
AHACU,0.58
AHACW,0.39
AHC,13.19
AHCO,2.9
AHH,7.95
FAIL,5.15
FAM,16.4
FAMI,3.16
FANG,8.52
FANH,13.47
FARM,21.47
FARO,21.47
FAST,21.47
FAT,3.48
FATBP,0.76
FATBW,0.76
FATE,7.55
FAUG,1.44
FAX,21.47
FB,8.92
FBC,21.47
FBHS,9.59
FBIO,9.42
FBIOP,3.42
FBIZ,15.53
FBK,4.58
FBMS,18.3
FBNC,21.47
FBP,21.47
FBRX,4.01
FC,21.47
FCAC,0.39
FCACU,0.56
FCACW,0.39
FCAP,21.47
FCAX,0.12
FCBC,21.47
FCBP,3.28
FCCO,21.47
FCCY,21.47
FCEL,21.47
FCF,21.47
FCFS,21.47
FCN,21.47
FCNCA,21.47
FCNCP,1.11
FCO,21.47
FCPT,5.44
FCRD,10.99
FCRW,2.52
FCRZ,5.34
FCT,16.9
FCX,21.47
FDBC,20.3
FDEC,0.32
FDEU,5.56
FDG,1.04
FDMT,0.35
FDP,21.47
FDS,21.47
FDUS,9.83
FDUSG,1.5
FDUSZ,2.18
FDX,21.47
FE,21.47
AHPI,21.47
AHT,17.65
AI,0.35
AIC,6.08
AIF,8.14
AIG,21.47
FEBZ,0.2
FEDU,3.44
FEDX,0.5
FEIM,21.47
FELE,21.47
FEN,16.82
FENC,6.61
FENG,9.93
FEO,14.64
FERG,11.28
FET,9.02
FEYE,7.58
FF,10.07
FFA,16.65
FFBC,21.47
FFBW,3.52
FFC,18.22
FFEB,1.14
FFG,21.47
FFHL,14.33
FFIC,21.47
FFIN,21.47
FFIV,21.47
FFNW,13.53
FFWM,6.45
FGB,13.9
FGBI,20.3
FGEN,6.42
FGF,7.05
FGFPP,3.13
FGNA,0.4
FGRO,0.19
FHB,4.7
FHI,21.47
FHN,21.47
FHS,0.1
FHTX,0.48
FI,7.69
FIBK,11.07
FICO,21.47
FIF,9.56
FIII,0.57
FIIIU,0.66
FIIIW,0.57
FINM,0.1
FINMU,0.25
FINMW,0.11
FINS,1.88
FINV,3.43
FIS,19.84
FISI,21.47
FISV,21.47
FITB,21.47
FITBI,7.36
FITBO,1.59
FITBP,1.64
FIV,4.32
FIVE,8.75
FIVN,7.04
AAWW,15.44
AB,21.47
ABB,20.04
ABBV,8.29
ABC,21.47
ABCB,21.47
AIH,1.48
AIHS,3.09
AIKI,21.47
AIM,21.47
AIMC,14.35
AIN,21.47
FIX,21.47
FIXX,3.05
FIZZ,21.47
FJAN,0.24
FJUL,0.74
FJUN,0.82
FKWL,21.47
FL,21.47
FLAC,0.18
FLACU,0.35
FLACW,0.18
FLC,17.53
FLDM,10.19
FLEX,21.47
FLGT,4.55
FLIC,21.47
FLIR,21.47
FLL,21.47
FLMN,3.61
FLMNW,3.57
FLNG,1.83
FLNT,13.31
FLO,21.47
FLOW,5.55
FLR,20.39
FLS,21.47
FLT,10.34
FLUX,18.36
FLV,1.04
FLWS,21.47
FLXN,7.18
FLXS,21.47
FLY,13.56
FMAC,0.38
FMAG,0.19
FMAO,16.41
FMAR,0.07
FMAY,0.91
FMBH,21.47
FMBI,21.47
FMBIO,0.83
FMBIP,0.92
FMC,21.47
FMIVU,0.08
FMN,18.33
FMNB,21.47
FMO,16.32
FMS,21.47
FMTX,0.82
FMX,21.47
FMY,15.9
FN,10.82
FNB,21.47
FNCB,20.3
FNCH,0.08
FND,3.97
FNF,15.52
FNHC,21.47
FNKO,3.45
FNLC,21.47
AINC,6.43
AINV,16.96
AIO,1.47
AIR,21.47
AIRC,0.33
AIRG,4.68
FNOV,1.41
FNV,13.37
FNWB,6.21
FOA,2.0
FOCS,2.73
FOCT,0.49
FOE,21.47
FOF,14.39
FOLD,13.89
FONR,21.47
FOR,13.35
FORA,0.12
FORD,21.47
FORE,0.03
FOREU,0.18
FOREW,0.02
FORM,17.86
FORR,21.47
FORTY,21.47
FOSL,21.47
FOUR,0.86
FOX,2.1
FOXA,2.1
FOXF,7.69
FOXW,0.14
FOXWU,0.24
FOXWW,0.14
FPAC,0.24
FPAY,7.16
FPF,7.9
FPH,3.94
FPI,7.02
FPL,7.06
FPRO,0.19
FPRX,7.58
FR,21.47
FRA,17.48
FRAF,20.3
FRBA,14.06
FRBK,21.47
FRC,10.36
FRD,21.47
FREE,0.81
FREEW,15.34
FREQ,1.54
FRG,8.79
FRGAP,0.57
FRGI,8.98
FRHC,3.54
FRLN,0.69
FRME,21.47
FRO,19.71
FROG,0.58
FRONU,0.1
FRPH,21.47
FRPT,6.44
FRSGU,0.12
FRST,14.47
FRSX,3.84
FRT,21.47
AIRI,20.54
AIRT,21.47
AIRTP,1.85
AIRTW,1.85
AIT,21.47
AIV,21.47
FRTA,4.49
FRWAU,0.1
FRX,0.25
FSBW,8.77
FSD,10.56
FSEA,1.75
FSEP,0.57
FSFG,12.53
FSI,21.47
FSII,0.16
FSK,7.01
FSKR,0.83
FSLF,7.58
FSLR,14.42
FSLY,1.92
FSM,14.28
FSMO,0.19
FSP,15.88
FSR,2.54
FSRV,1.3
FSRVU,1.46
FSRVW,1.3
FSRXU,0.16
FSS,21.47
FSSI,0.07
FSSIU,0.22
FSSIW,0.08
FST,0.51
FSTR,21.47
FSTX,4.95
FSV,5.88
FT,21.47
FTAAU,0.14
FTAI,5.93
FTCH,2.57
FTCV,0.22
FTCVU,0.36
FTCVW,0.22
FTDR,2.54
FTEK,21.47
FTF,17.63
FTFT,16.1
FTHM,0.71
FTHY,0.81
FTI,19.85
FTIV,0.4
FTIVU,0.56
FTIVW,0.4
FTK,15.73
FTNT,11.42
FTOC,0.5
FTOCU,0.64
FTOCW,0.5
FTPAU,0.1
FTS,5.28
FTSI,3.2
FTV,4.79
FUBO,3.38
FUL,21.47
FULC,1.75
AIW,7.95
AIZ,17.21
AIZN,0.39
AJAX,0.33
AJG,21.47
AJRD,21.47
FULT,21.47
FULTP,0.48
FUN,21.47
FUNC,21.47
FUND,21.47
FUNL,0.65
FUSB,21.47
FUSE,0.67
FUSN,0.81
FUTU,2.11
FUV,3.57
FVAM,0.5
FVCB,7.44
FVE,19.34
FVRR,1.84
FVT,0.14
FWAA,0.19
FWONA,8.27
FWONK,6.78
FWP,6.51
FWRD,21.47
FXNC,20.3
G,13.72
GAB,21.47
GABC,21.47
GAIA,21.47
GAIN,15.82
GAINL,2.67
GAINN,0.12
GALT,18.61
GAM,21.47
GAMCU,0.08
GAN,0.95
GANX,0.08
GASS,15.54
GATO,0.47
GATX,21.47
GAU,13.3
GB,0.62
GBAB,10.47
GBCI,21.47
GBDC,11.01
GBIO,0.84
GBL,21.47
GBLI,17.35
GBLIL,4.02
GBNH,2.39
GBNY,0.25
GBOX,11.24
GBR,21.47
GBRGU,0.12
GBS,0.31
GBT,5.68
GBX,21.47
GCAC,0.06
GCACU,0.21
GCACW,0.07
GCBC,21.47
GCI,7.2
AJX,6.18
AJXA,3.97
AKAM,21.47
AKBA,7.08
AKER,7.23
AKIC,0.13
GCMG,0.41
GCMGW,0.41
GCO,21.47
GCP,5.22
GCV,21.47
GD,21.47
GDDY,6.05
GDEN,5.7
GDL,13.99
GDO,11.4
GDOT,10.74
GDP,4.36
GDRX,0.56
GDS,4.45
GDV,17.4
GDYN,2.46
GDYNW,2.46
GE,21.47
GECC,4.45
GECCL,3.56
GECCM,3.22
GECCN,1.82
GEF,21.47
GEG,0.3
GEL,21.47
GENC,17.77
GENE,15.63
GEO,21.47
GEOS,21.47
GER,6.56
GERN,21.47
GES,21.47
GEVO,10.19
GF,21.47
GFED,21.47
GFF,21.47
GFI,21.47
GFL,1.12
GFLU,1.12
GFN,14.79
GFNCP,7.91
GFNSZ,0.45
GFX,0.18
GGAL,20.74
GGB,21.47
GGG,21.47
GGM,7.81
GGMCU,0.08
GGN,16.06
GGO,4.45
GGPIU,0.07
GGT,21.47
GGZ,6.79
GH,2.53
GHAC,0.05
GHACU,0.2
GHACW,0.06
GHC,21.47
GHG,3.06
GHL,16.96
AKICU,0.27
AKICW,0.13
AKR,21.47
AKRO,1.82
AKTS,5.41
AKTX,5.57
GHLD,0.48
GHM,21.47
GHSI,2.03
GHVI,0.2
GHVIU,0.35
GHVIW,0.2
GHY,8.32
GIB,21.47
GIFI,21.47
GIG,0.03
GIGGU,0.18
GIGGW,0.04
GIGM,21.17
GIII,21.47
GIIXU,0.14
GIK,0.79
GIL,21.47
GILD,21.47
GILT,21.47
GIM,21.47
GIS,21.47
GIX,1.79
GJO,15.41
GJP,13.31
GJR,13.31
GJS,14.98
GJT,13.72
GKOS,5.81
GL,21.47
GLAD,18.72
GLADL,1.5
GLAQ,0.19
GLAQU,0.35
GLAQW,0.19
GLBLU,0.14
GLBS,13.11
GLBZ,21.45
GLDD,14.31
GLDG,8.25
GLEO,1.42
GLG,2.77
GLHAU,0.07
GLMD,7.1
GLNG,17.77
GLO,14.97
GLOB,6.75
GLOG,9.05
GLOP,6.95
GLP,15.56
GLPG,5.93
GLPI,7.51
GLQ,15.98
GLRE,13.91
GLSI,0.56
GLSPU,0.02
GLT,21.47
GLTO,0.46
GLU,16.9
GLUU,14.08
GLV,16.73
AKU,3.11
AKUS,0.81
AL,10.0
ALAC,2.4
ALACR,2.4
ALACU,2.48
GLW,21.47
GLYC,7.27
GM,10.42
GMAB,11.88
GMBL,5.22
GMBLW,1.01
GMBT,0.09
GMBTU,0.24
GMBTW,0.09
GMDA,2.47
GME,19.18
GMED,8.71
GMII,0.09
GMIIU,0.24
GMIIW,0.09
GMLP,10.03
GMLPP,3.48
GMRE,4.8
GMS,4.89
GMTA,4.92
GMTX,0.68
GNAC,0.1
GNACU,0.25
GNACW,0.1
GNCA,7.2
GNE,9.48
GNFT,2.06
GNK,6.67
GNL,5.88
GNLN,2.0
GNMK,10.89
GNOG,1.86
GNPK,0.25
GNPX,3.05
GNRC,11.18
GNRS,0.9
GNRSU,1.18
GNRSW,0.93
GNSS,21.47
GNT,10.22
GNTX,21.47
GNTY,3.94
GNUS,6.95
GNW,16.9
GO,1.82
GOAC,0.56
GOCO,0.75
GOED,0.71
GOEV,3.71
GOEVW,2.0
GOF,13.73
GOGL,21.47
GOGO,7.82
GOL,16.82
GOLD,21.47
GOLF,4.47
GOOD,17.68
GOODM,4.86
GOODN,1.56
GOOG,7.06
ALACW,2.4
ALB,21.47
ALBO,13.94
ALC,2.02
ALCO,21.47
ALDX,6.96
GOOGL,16.67
GOOS,4.09
GORO,14.6
GOSS,2.19
GOVX,8.74
GOVXW,0.56
GOVZ,0.56
GP,6.18
GPAC,0.12
GPACU,0.26
GPACW,0.11
GPC,21.47
GPI,21.47
GPJA,3.56
GPK,21.47
GPL,14.89
GPM,15.65
GPMT,3.82
GPN,20.26
GPP,5.81
GPRE,15.1
GPRK,10.51
GPRO,6.81
GPS,21.47
GPX,21.47
GRA,21.47
GRAY,0.56
GRBK,13.85
GRC,21.47
GRCL,0.27
GRCY,0.6
GRCYU,0.73
GRCYW,0.63
GRF,17.24
GRFS,9.88
GRIL,1.17
GRIN,2.83
GRMN,20.37
GRNQ,5.78
GRNV,1.35
GRNVR,1.35
GRNVU,1.41
GRNVW,1.35
GROW,21.47
GROY,0.1
GRPN,9.45
GRSV,0.55
GRSVU,0.69
GRSVW,0.54
GRTS,2.55
GRTX,1.44
GRUB,7.04
GRVY,16.19
GRWG,4.43
GRX,13.84
GS,21.47
GSAH,0.65
GSAQ,0.13
GSAQU,0.27
GSAQW,0.13
ALE,21.47
ALEC,2.19
ALEX,8.84
ALG,21.47
ALGM,0.46
ALGN,20.22
GSAT,14.46
GSBC,21.47
GSBD,6.08
GSEE,0.92
GSEV,0.0
GSEVU,0.14
GSEVW,0.0
GSHD,2.97
GSID,0.92
GSIT,14.06
GSK,21.47
GSKY,2.9
GSL,12.68
GSLD,1.4
GSM,11.72
GSMG,2.59
GSMGW,2.59
GSQD,0.06
GSS,19.57
GSUS,0.92
GSV,8.86
GSX,1.86
GT,21.47
GTBP,3.57
GTE,15.33
GTEC,2.69
GTES,3.22
GTH,0.84
GTHX,3.92
GTIM,21.47
GTIP,5.28
GTLS,14.73
GTN,18.64
GTPAU,0.1
GTPBU,0.1
GTS,13.37
GTT,14.39
GTY,21.47
GTYH,4.41
GURE,14.68
GUT,21.47
GVA,21.47
GVP,21.47
GWAC,0.36
GWACW,0.36
GWB,6.51
GWGH,6.56
GWPH,7.96
GWRE,9.23
GWRS,4.97
GWW,21.47
GXGX,1.69
GXGXU,1.91
GXGXW,1.75
GXIIU,0.08
GYRO,21.47
H,11.45
HA,21.47
HAAC,0.25
HAACU,0.42
ALGS,0.5
ALGT,14.36
ALHC,0.06
ALIM,10.99
ALJJ,21.47
ALK,21.47
HAACW,0.25
HAE,21.47
HAFC,21.47
HAIN,21.47
HAL,21.47
HALL,21.47
HALO,17.1
HAPP,1.48
HARP,2.19
HAS,21.47
HASI,8.0
HAYN,14.08
HAYW,0.1
HBAN,21.47
HBANN,4.66
HBANO,5.05
HBANP,0.2
HBB,3.56
HBCP,12.53
HBI,14.62
HBIO,20.09
HBM,12.18
HBMD,13.53
HBNC,19.34
HBP,12.28
HBT,1.52
HCA,10.11
HCAP,7.96
HCAPZ,3.63
HCAQ,0.22
HCAR,0.28
HCARU,0.31
HCARW,0.28
HCAT,1.73
HCC,4.02
HCCC,0.11
HCCCU,0.25
HCCCW,0.11
HCCI,13.1
HCDI,0.63
HCHC,11.77
HCI,12.59
HCIC,0.11
HCICU,0.25
HCICW,0.11
HCII,0.05
HCIIU,0.22
HCIIW,0.07
HCKT,21.47
HCM,5.08
HCSG,21.47
HCXY,2.55
HCXZ,2.96
HD,21.47
HDB,19.75
HDSN,21.47
HE,21.47
HEAR,10.54
HEC,0.71
HECCU,0.85
ABCL,0.35
ABCM,10.38
ABEO,21.47
ABEV,21.47
ABG,19.08
ABGI,0.16
ALKS,21.47
ALKT,0.01
ALL,21.47
ALLE,7.41
ALLK,2.75
ALLO,2.52
HECCW,0.71
HEES,15.22
HEGD,0.31
HEI,21.47
HELE,21.47
HELX,1.13
HEP,16.78
HEPA,7.18
HEQ,9.9
HERAU,0.12
HES,21.47
HESM,4.03
HEXO,4.07
HFBL,13.83
HFC,21.47
HFFG,3.61
HFRO,3.44
HFWA,21.47
HGBL,21.47
HGEN,8.21
HGH,8.98
HGLB,2.16
HGSH,13.07
HGV,4.28
HHC,10.45
HHLA,0.05
HHR,1.94
HI,13.06
HIBB,21.47
HIE,6.39
HIFS,21.47
HIG,21.47
HIGA,0.35
HIHO,21.47
HII,10.08
HIIIU,0.14
HIL,16.69
HIMS,1.59
HIMX,15.05
HIO,21.47
HIW,21.47
HIX,21.47
HJLI,2.88
HJLIW,2.88
HKIB,1.7
HL,21.47
HLAH,0.08
HLAHU,0.25
HLAHW,0.09
HLF,16.34
HLG,5.78
HLI,5.68
HLIO,21.47
HLIT,21.47
HLNE,4.13
HLT,7.35
HLX,21.47
HLXA,0.49
HMC,21.47
HMCO,0.21
ALLT,14.42
ALLY,7.02
ALNA,3.45
ALNY,16.88
ALOT,21.47
ALPN,5.84
HMCOU,0.35
HMCOW,0.2
HMG,21.47
HMHC,7.42
HMLP,6.7
HMN,21.47
HMNF,21.47
HMPT,0.21
HMST,9.19
HMTV,8.04
HMY,21.47
HNGR,5.28
HNI,21.47
HNNA,18.52
HNP,21.47
HNRG,21.47
HNW,13.89
HOFT,20.3
HOFV,0.79
HOFVW,0.79
HOG,21.47
HOL,0.53
HOLI,12.49
HOLUU,0.7
HOLUW,0.53
HOLX,21.47
HOMB,14.82
HOME,4.7
HON,21.47
HONE,4.8
HOOK,2.0
HOPE,21.47
HOTH,2.17
HOV,21.47
HOVNP,15.39
HP,21.47
HPE,5.5
HPF,18.4
HPI,17.77
HPK,0.64
HPKEW,0.64
HPP,10.82
HPQ,21.47
HPS,17.84
HPX,0.6
HQH,21.47
HQI,18.87
HQL,21.47
HQY,6.72
HR,21.47
HRB,21.47
HRC,21.47
HRI,14.42
HRL,21.47
HRMY,0.66
HROW,13.56
HRTG,6.9
HRTX,21.47
HRZN,10.47
HSAQ,0.7
ALRM,5.81
ALRN,21.47
ALRS,20.3
ALSK,21.42
ALSN,9.09
ALT,15.54
HSBC,21.47
HSC,21.47
HSDT,6.81
HSIC,21.47
HSII,21.47
HSKA,21.47
HSON,18.09
HST,21.47
HSTM,21.03
HSTO,7.73
HSY,21.47
HT,21.47
HTA,8.87
HTBI,8.77
HTBK,21.47
HTBX,7.73
HTD,17.15
HTFA,3.53
HTFB,0.02
HTGC,15.86
HTGM,5.95
HTH,17.17
HTHT,11.07
HTIA,1.35
HTLD,21.47
HTLF,21.47
HTLFP,0.82
HTOO,0.35
HTOOW,0.35
HTPA,0.22
HTY,13.56
HUBB,5.32
HUBG,21.47
HUBS,6.52
HUDI,0.23
HUGE,2.86
HUIZ,1.18
HUM,21.47
HUN,16.18
HURC,21.47
HURN,16.52
HUSA,19.24
HUSN,3.69
HUYA,2.93
HVBC,4.26
HVT,21.47
HWBK,21.47
HWC,20.3
HWCC,14.85
HWCPL,2.9
HWCPZ,0.83
HWKN,21.47
HWM,21.47
HX,14.31
HXL,21.47
HY,8.55
HYACU,0.12
HYB,21.47
HYFM,0.35
HYI,10.48
ALTA,5.85
ALTG,1.98
ALTM,3.96
ALTO,16.07
ALTR,3.46
ALTU,0.21
HYLN,1.99
HYMC,3.1
HYMCL,0.22
HYMCW,3.1
HYMCZ,4.16
HYMU,0.08
HYRE,2.81
HYT,17.9
HYW,0.06
HZAC,0.51
HZN,5.8
HZNP,9.73
HZO,21.47
HZON,0.35
IAA,1.83
IAC,21.47
IACA,0.47
IACB,0.03
IAE,14.06
IAF,21.47
IAG,17.77
IART,21.47
IBA,21.47
IBCP,20.3
IBEX,0.69
IBHF,0.42
IBIO,12.67
IBKR,13.96
IBM,21.47
IBN,21.07
IBOC,21.47
IBP,7.18
IBRX,5.72
IBTX,8.04
ICAD,21.47
ICBK,6.25
ICCC,21.47
ICCH,4.05
ICD,6.69
ICE,15.42
ICFI,14.56
ICHR,4.35
ICL,6.56
ICLK,3.32
ICLR,21.47
ICMB,7.19
ICON,21.47
ICPT,8.52
ICUI,21.47
ID,20.3
IDA,21.47
IDBA,0.13
IDCC,21.47
IDE,11.21
IDEX,13.91
IDN,21.42
IDRA,21.47
IDT,19.93
IDXX,21.47
IDYA,1.9
ALTUU,0.35
ALTUW,0.21
ALUS,11.29
ALV,21.47
ALVR,0.71
ALX,21.47
IEA,3.06
IEAWW,3.05
IEC,21.47
IEP,21.47
IESC,21.47
IEX,21.47
IFF,21.47
IFFT,2.59
IFMK,4.21
IFN,21.47
IFRX,3.44
IFS,1.69
IGA,15.48
IGAC,0.37
IGACU,0.54
IGACW,0.39
IGC,15.02
IGD,16.06
IGI,11.8
IGIC,1.08
IGICW,1.08
IGLD,0.12
IGMS,1.58
IGNY,0.09
IGNYU,0.21
IGNYW,0.1
IGR,17.15
IGT,21.47
IH,0.52
IHC,21.47
IHD,9.98
IHG,18.03
IHIT,4.4
IHRT,1.95
IHT,21.47
IHTA,3.38
IIAC,0.26
IIF,21.47
III,14.18
IIII,0.18
IIIIU,0.33
IIIIW,0.18
IIIN,21.47
IIIV,2.82
IIM,21.47
IIN,21.47
IIPR,4.38
IIVI,21.47
IIVIP,0.79
IKNA,0.06
IKNX,21.47
IKT,0.31
ILMN,20.73
ILPT,3.26
IMAB,1.25
IMAC,2.17
IMACW,2.17
IMAX,21.47
IMBI,21.47
IMCC,0.91
ALXN,21.47
ALXO,0.75
ALYA,2.45
AM,6.45
AMAL,2.69
AMAOU,0.08
IMCR,0.19
IMFL,0.14
IMGN,21.47
IMH,21.47
IMKTA,21.47
IMMP,9.0
IMMR,21.44
IMNM,0.54
IMO,21.47
IMOS,19.84
IMPX,0.39
IMRA,1.1
IMRN,3.85
IMRNW,3.85
IMTE,3.68
IMTX,0.79
IMTXW,0.79
IMUX,7.0
IMV,2.88
IMVT,1.33
IMXI,4.06
INBK,16.31
INBKL,4.51
INBKZ,1.83
INBX,0.66
INCY,21.47
INDB,21.47
INDO,1.32
INDT,21.47
INFI,20.73
INFN,13.87
INFO,6.83
INFU,13.31
INFY,21.47
ING,21.47
INGN,7.17
INGR,21.47
INKA,0.13
INKAU,0.27
INKAW,0.13
INM,0.42
INMB,2.2
INMD,1.69
INN,10.19
INNV,0.12
INO,21.47
INOD,21.47
INOV,6.18
INPX,9.76
INS,21.47
INSE,4.3
INSG,20.41
INSI,21.47
INSM,20.89
INSP,2.96
INSW,4.38
INT,21.47
INTC,21.47
INTG,21.47
INTT,21.47
AMAT,21.47
AMBA,8.52
AMBC,7.96
AMBO,2.88
AMC,7.33
AMCR,1.85
INTU,21.47
INTZ,21.47
INUV,21.47
INVA,16.54
INVE,21.47
INVH,4.21
INVO,8.91
INVZ,0.03
INVZW,0.03
INZY,0.73
IO,21.47
IONS,21.47
IOR,21.47
IOSP,21.47
IOVA,10.51
IP,21.47
IPA,0.29
IPAR,21.47
IPDN,8.12
IPG,21.47
IPGP,14.35
IPHA,1.5
IPHI,10.43
IPI,12.99
IPLDP,2.29
IPOD,0.38
IPOE,0.38
IPOF,0.38
IPVIU,0.12
IPWR,7.4
IQ,3.05
IQI,21.47
IQV,7.94
IR,3.93
IRBT,15.44
IRCP,17.46
IRDM,13.08
IRIX,21.47
IRL,21.47
IRM,21.47
IRMD,6.76
IROQ,9.78
IRR,14.48
IRS,21.47
IRT,7.68
IRTC,4.49
IRWD,11.21
ISBC,15.52
ISD,8.98
ISDR,16.18
ISEE,7.56
ISIG,21.47
ISLE,0.05
ISLEW,0.05
ISNS,21.47
ISR,15.44
ISRG,20.85
ISSC,20.71
ISTR,6.8
ISUN,4.98
AMCX,9.84
AMD,21.47
AME,21.47
AMED,21.47
AMEH,21.27
AMER,0.5
ISVL,0.06
IT,21.47
ITAC,0.46
ITACU,0.6
ITACW,0.46
ITCB,5.28
ITCI,7.28
ITGR,20.56
ITHX,0.06
ITHXU,0.21
ITHXW,0.07
ITI,21.47
ITIC,21.47
ITMR,2.11
ITOS,0.73
ITP,13.55
ITQ,0.04
ITQRU,0.19
ITQRW,0.04
ITRG,0.77
ITRI,21.47
ITRM,2.9
ITRN,15.56
ITT,21.47
ITUB,19.15
ITW,21.47
IVA,0.77
IVAC,21.47
IVAN,0.13
IVC,21.47
IVDG,0.32
IVH,7.89
IVLC,0.32
IVR,11.8
IVRA,0.32
IVSG,0.32
IVZ,21.47
IX,21.47
IZEA,9.85
J,21.47
JACK,21.47
JAGX,5.93
JAKK,21.47
JAMF,0.73
JAN,21.47
JANZ,0.28
JAX,5.55
JAZZ,13.88
JBGS,3.75
JBHT,21.47
JBK,17.04
JBL,21.47
JBLU,19.02
JBSS,21.47
JBT,12.74
JCE,14.06
JCI,21.47
JCIC,0.08
JCICU,0.23
JCICW,0.09
AMG,21.47
AMGN,21.47
AMH,7.71
AMHC,1.27
AMHCW,1.27
AMK,1.75
JCO,4.05
JCOM,21.47
JCS,21.47
JCTCF,21.47
JD,6.91
JDD,17.56
JEF,21.47
JELD,4.22
JEMA,0.1
JEMD,3.55
JEQ,21.47
JFIN,1.94
JFR,17.07
JFU,1.67
JG,2.73
JGH,6.4
JHAA,2.33
JHB,4.65
JHG,20.82
JHI,21.47
JHS,21.47
JHX,21.3
JIH,1.32
JILL,4.11
JJSF,21.47
JKHY,21.47
JKS,10.93
JLL,21.47
JLS,11.39
JMIA,2.01
JMM,21.47
JMP,13.94
JMPNL,3.38
JMPNZ,1.55
JNCE,4.22
JNJ,21.47
JNPR,21.47
JOAN,0.1
JOB,21.47
JOBS,16.56
JOE,21.47
JOF,21.47
JOFF,0.05
JOFFU,0.19
JOFFW,0.05
JOUT,21.47
JP,5.76
JPC,18.06
JPI,8.73
JPM,21.47
JPS,18.57
JPT,4.22
JQC,17.82
JRI,8.98
JRJC,16.51
JRO,16.73
JRS,19.42
JRSH,2.95
JRVR,6.35
JSD,9.9
AMKR,21.47
AMN,19.44
AMNB,21.47
AMOT,21.47
AMOV,20.2
AMR,4.66
JSM,17.31
JT,3.42
JTA,17.22
JTD,13.72
JULZ,0.79
JUPW,0.46
JUPWW,0.46
JVA,15.96
JWEL,0.08
JWN,21.47
JWS,0.79
JWSM,0.06
JYAC,0.41
JYNT,6.43
K,21.47
KAI,21.47
KAII,0.01
KAIIU,0.16
KAIIW,0.0
KAIR,0.13
KAIRU,0.27
KAIRW,0.13
KALA,3.74
KALU,14.79
KALV,6.02
KAMN,21.47
KAR,11.35
KARO,0.04
KB,19.44
KBAL,21.47
KBH,21.47
KBNT,0.68
KBNTW,0.68
KBR,14.42
KBSF,8.12
KC,0.94
KCAPL,3.64
KDMN,4.72
KDNY,6.01
KDP,12.98
KE,6.45
KELYA,21.47
KELYB,21.47
KEN,6.26
KEP,21.47
KEQU,21.47
KERN,3.14
KERNW,3.13
KEX,21.47
KEY,21.47
KEYS,6.49
KF,21.47
KFFB,16.13
KFRC,21.47
KFS,21.47
KFY,21.47
KGC,21.47
KHC,5.78
KIDS,3.51
KIII,0.0
ABIO,21.47
ABM,21.47
ABMD,21.47
ABNB,0.35
ABR,17.04
ABST,0.47
AMRB,21.47
AMRC,10.74
AMRK,7.09
AMRN,21.47
AMRS,10.56
AMRX,12.26
KIIIU,0.16
KIM,21.47
KIN,7.35
KINS,21.47
KINZ,0.19
KINZU,0.33
KINZW,0.19
KIO,7.73
KIQ,21.47
KIRK,18.73
KJUL,0.79
KKR,10.76
KL,4.36
KLAC,21.47
KLAQ,0.13
KLAQU,0.27
KLAQW,0.13
KLDO,2.13
KLIC,21.47
KLR,3.25
KLXE,2.58
KMB,21.47
KMDA,7.88
KMF,10.4
KMI,10.18
KMPH,0.27
KMPR,21.47
KMT,21.47
KMX,21.47
KN,7.17
KNDI,13.62
KNGS,0.29
KNL,16.35
KNOP,8.02
KNSA,2.9
KNSL,4.72
KNTE,0.37
KNX,21.47
KO,21.47
KOD,2.53
KODK,7.57
KOF,21.47
KOP,15.21
KOPN,21.47
KOR,5.28
KOS,9.94
KOSS,21.47
KPTI,7.45
KR,21.47
KRA,11.34
KRBP,0.5
KRC,21.47
KREF,3.95
KRG,16.69
KRKR,1.44
KRMD,21.47
KRNL,0.04
KRNLU,0.2
KRNLW,0.06
KRNT,6.04
AMS,21.47
AMSC,21.47
AMSF,15.42
AMST,0.56
AMSWA,21.47
AMT,21.47
KRNY,16.15
KRO,17.36
KRON,0.52
KROS,1.02
KRP,4.2
KRT,0.0
KRTX,1.8
KRUS,1.71
KRYS,3.57
KSICU,0.08
KSM,21.47
KSMT,0.53
KSMTU,0.69
KSMTW,0.54
KSPN,21.47
KSS,21.47
KSU,21.47
KT,21.47
KTB,1.94
KTCC,21.47
KTF,21.47
KTH,20.19
KTN,17.38
KTOS,21.46
KTRA,8.15
KUKE,0.26
KURA,5.45
KURI,0.04
KURIU,0.19
KURIW,0.03
KVHI,21.47
KVSA,0.12
KVSB,0.06
KVSC,0.06
KW,13.38
KWAC,0.16
KWR,21.47
KXIN,3.44
KYMR,0.65
KYN,16.56
KZIA,3.39
KZR,2.82
L,21.47
LABP,0.19
LAC,3.22
LACQ,3.14
LACQU,3.38
LACQW,3.28
LAD,21.47
LADR,7.19
LAIX,2.55
LAKE,21.47
LAMR,21.47
LANC,21.47
LAND,8.22
LANDM,0.25
LANDO,0.49
LARK,21.47
LASR,2.98
LATN,1.35
AMTB,2.63
AMTBB,2.63
AMTI,0.86
AMTX,6.93
AMWD,21.47
AMWL,0.58
LATNU,1.5
LATNW,1.35
LAUR,4.21
LAWS,21.47
LAZ,15.96
LAZR,2.06
LAZY,3.09
LB,21.47
LBAI,21.47
LBC,20.3
LBPH,0.1
LBPS,0.07
LBPSW,0.07
LBRDA,6.45
LBRDK,6.45
LBRDP,0.32
LBRT,3.26
LBTYA,16.88
LBTYB,16.86
LBTYK,15.61
LC,6.35
LCAAU,0.1
LCAHU,4.89
LCAP,0.48
LCAPU,0.67
LCAPW,0.48
LCI,21.47
LCII,21.47
LCNB,21.47
LCTX,21.47
LCUT,21.47
LCY,0.37
LCYAU,0.52
LCYAW,0.38
LDHAU,0.08
LDI,0.18
LDL,21.47
LDOS,14.52
LDP,8.72
LE,7.08
LEA,11.44
LEAF,10.22
LEAP,0.45
LECO,21.47
LEDS,10.36
LEE,21.47
LEG,21.47
LEGAU,0.07
LEGH,2.34
LEGN,0.86
LEGO,0.12
LEGOU,0.24
LEGOW,0.12
LEJU,7.0
LEN,21.47
LEO,20.3
LESL,0.46
LEU,21.47
LEVI,2.07
LEVL,2.99
AMX,20.2
AMYT,1.29
AMZN,21.47
AN,21.47
ANAB,4.22
ANAT,21.47
LEXX,14.53
LEXXW,0.26
LFC,17.34
LFMD,20.3
LFT,8.07
LFTR,0.33
LFTRU,0.48
LFTRW,0.33
LFUS,21.47
LFVN,16.54
LGAC,0.03
LGACU,0.18
LGACW,0.03
LGHL,0.83
LGHLW,0.83
LGI,16.96
LGIH,7.44
LGL,21.47
LGND,21.47
LGVN,0.17
LH,21.47
LHAA,0.12
LHC,3.0
LHCG,15.86
LHDX,0.19
LHX,21.47
LI,0.71
LIFE,5.95
LII,21.47
LILA,5.79
LILAK,5.79
LIN,2.54
LINC,15.82
LIND,5.78
LINK,9.15
LINX,1.81
LIQT,9.63
LITB,7.87
LITE,5.7
LIV,0.5
LIVE,20.3
LIVK,1.25
LIVKU,1.35
LIVKW,1.25
LIVN,5.5
LIVX,3.66
LIXT,11.03
LIXTW,0.39
LIZI,1.25
LJAQ,0.12
LJAQU,0.27
LJAQW,0.12
LJPC,20.3
LKCO,2.65
LKFN,21.47
LKQ,17.55
LL,13.44
LLIT,10.99
LLNW,13.87
LLY,21.47
ANDA,5.36
ANDAR,2.12
ANDAW,5.36
ANDE,21.47
ANET,6.87
ANF,21.47
LMACA,0.08
LMACU,0.23
LMACW,0.09
LMAO,0.08
LMAOU,0.22
LMAOW,0.08
LMAT,14.5
LMB,5.24
LMFA,5.36
LMND,0.79
LMNL,1.41
LMNR,19.45
LMNX,21.04
LMPX,1.36
LMRK,6.42
LMRKN,2.99
LMRKO,4.7
LMRKP,5.04
LMST,14.58
LMT,21.47
LNC,21.47
LND,8.93
LNDC,21.47
LNFA,0.27
LNG,21.47
LNN,21.47
LNSR,0.54
LNT,21.47
LNTH,5.81
LOAN,21.47
LOB,5.74
LOCO,6.73
LODE,18.09
LOGC,2.49
LOGI,21.47
LOKB,0.22
LOMA,3.46
LOOP,3.41
LOPE,12.41
LORL,15.73
LOTZ,1.94
LOTZW,2.01
LOV,15.18
LOVE,2.81
LOW,21.47
LPCN,7.49
LPG,6.95
LPI,9.34
LPL,16.75
LPLA,10.42
LPRO,3.12
LPSN,21.04
LPTH,21.47
LPTX,4.22
LPX,21.47
LQDA,2.73
LQDT,15.14
LRCX,21.47
LRMR,6.83
LRN,13.35
ANGI,9.42
ANGN,0.19
ANGO,16.88
ANIK,21.47
ANIP,20.96
ANIX,20.3
LSAQ,0.4
LSBK,15.04
LSCC,21.47
LSEA,2.8
LSEAW,2.8
LSF,0.56
LSI,21.47
LSPD,1.68
LSTR,21.47
LSXMA,5.0
LSXMB,4.99
LSXMK,5.0
LTBR,20.44
LTC,21.47
LTHM,2.52
LTRN,0.85
LTRPA,6.64
LTRPB,6.64
LTRX,20.71
LU,0.46
LUB,21.47
LULU,13.73
LUMN,21.47
LUMO,9.44
LUNA,14.87
LUNG,0.54
LUV,21.47
LUXA,0.33
LUXAU,0.47
LUXAW,0.32
LUXE,0.39
LVRAU,0.08
LVS,16.35
LVTX,0.06
LW,4.43
LWAC,0.13
LWACU,0.27
LWAY,21.47
LX,3.32
LXEH,0.54
LXFR,8.54
LXP,21.47
LXRX,21.04
LXU,21.47
LYB,10.98
LYFE,0.41
LYFT,2.05
LYG,19.4
LYL,3.49
LYRA,0.96
LYTS,21.47
LYV,15.33
LZB,21.47
M,21.47
MA,14.9
MAA,21.47
MAAC,0.35
MAACU,0.52
MAACW,0.35
MAC,21.47
ANNX,0.73
ANPC,1.21
ANSS,21.47
ANTE,13.45
ANTM,20.3
ANVS,1.21
MACA,0.02
MACAU,0.16
MACAW,0.02
MACK,9.05
MACQU,0.13
MACU,0.35
MACUW,0.38
MAG,21.47
MAGS,21.47
MAIN,13.53
MAMB,0.06
MAN,21.47
MANH,21.47
MANT,19.2
MANU,8.69
MAR,21.47
MARA,8.96
MARK,17.86
MARPS,21.47
MARZ,0.13
MAS,21.47
MASI,13.7
MASS,0.33
MAT,21.47
MATW,21.47
MATX,21.47
MAV,17.49
MAX,0.47
MAXN,0.64
MAXR,12.18
MAYS,21.47
MBBB,0.37
MBCC,0.06
MBCN,18.88
MBI,21.47
MBII,7.71
MBIN,3.47
MBINN,0.08
MBINO,1.68
MBINP,2.06
MBIO,3.65
MBND,0.19
MBNKP,1.33
MBOT,21.47
MBRX,4.87
MBT,20.81
MBTCU,0.04
MBUU,7.21
MBWM,21.47
MC,7.01
MCA,21.47
MCAD,0.08
MCADR,0.06
MCADU,0.27
MCB,3.44
MCBC,21.47
MCBS,3.49
MCD,21.47
MCF,21.47
MCFE,0.48
ANY,12.82
ANZUU,0.12
AOD,14.23
AON,21.47
AONE,0.52
AOS,21.47
MCFT,5.75
MCHP,21.47
MCHX,17.05
MCI,21.47
MCK,21.47
MCMJ,1.35
MCMJW,1.35
MCN,16.72
MCO,21.47
MCR,21.47
MCRB,5.81
MCRI,21.47
MCS,21.47
MCY,21.47
MD,21.47
MDB,3.49
MDC,21.47
MDCA,21.47
MDGL,14.2
MDGS,5.7
MDGSW,2.73
MDH,0.06
MDIA,1.28
MDJH,2.27
MDLA,1.75
MDLQ,4.22
MDLX,4.67
MDLY,6.56
MDLZ,19.85
MDNA,19.65
MDP,21.47
MDRR,2.38
MDRRP,1.17
MDRX,21.47
MDT,21.47
MDU,21.47
MDVL,0.39
MDWD,7.08
MDWT,3.55
MDXG,13.66
MEC,1.94
MED,21.47
MEDP,4.68
MEDS,10.98
MEG,0.73
MEI,21.47
MEIP,17.34
MELI,13.69
MEN,21.47
MEOH,21.47
MERC,21.47
MESA,2.68
MESO,5.43
MET,21.04
METC,4.2
METX,1.04
METXW,1.0
MFA,21.47
MFC,21.47
MFD,16.96
AOSL,10.97
AOUT,0.65
AP,21.47
APA,21.47
APAM,8.12
APD,21.47
MFG,14.45
MFGP,3.67
MFH,6.03
MFIN,21.47
MFL,21.47
MFM,21.47
MFMS,2.46
MFNC,21.1
MFV,21.47
MG,11.53
MGA,21.47
MGEE,21.47
MGF,21.47
MGI,16.8
MGIC,21.47
MGLN,17.15
MGM,21.47
MGNI,7.04
MGNX,7.52
MGP,4.99
MGPI,21.47
MGR,2.05
MGRB,0.55
MGRC,21.47
MGTA,2.82
MGTX,2.86
MGU,15.65
MGY,3.8
MGYR,15.24
MHD,21.47
MHE,21.47
MHF,21.47
MHH,12.58
MHI,17.76
MHK,21.47
MHLD,12.95
MHN,21.47
MHNC,7.39
MHO,21.47
MIC,16.34
MICT,16.82
MIDD,21.47
MIE,8.06
MIG,0.37
MIK,6.81
MILE,0.43
MILEW,0.4
MIME,5.41
MIN,21.47
MIND,21.47
MINDP,4.84
MINN,0.1
MIRM,1.75
MIST,1.94
MIT,0.07
MITC,0.1
MITK,21.47
MITO,2.17
MITT,9.8
APDN,17.77
APEI,13.44
APEN,15.36
APG,0.96
APGB,0.03
APH,21.47
MIXT,7.69
MIY,21.47
MKC,21.47
MKD,1.3
MKGI,8.74
MKL,21.47
MKSI,21.47
MKTX,16.45
MKTY,11.98
MLAB,21.47
MLAC,0.67
MLACU,0.75
MLACW,0.69
MLCO,14.33
MLHR,21.47
MLI,21.47
MLM,21.47
MLND,8.43
MLP,21.47
MLR,21.47
MLSS,21.47
MLVF,12.91
MMAC,21.47
MMC,21.47
MMD,8.71
MMI,7.46
MMLP,18.47
MMM,21.47
MMP,20.09
MMS,21.47
MMSI,21.47
MMT,21.47
MMU,21.47
MMX,4.76
MMYT,10.68
MN,9.42
MNDO,20.7
MNKD,16.73
MNOV,14.36
MNP,21.47
MNPR,1.33
MNR,21.47
MNRL,2.0
MNRO,21.47
MNSB,5.28
MNSBP,0.58
MNSO,0.5
MNST,21.47
MNTK,0.23
MNTX,16.18
MO,21.47
MOD,21.47
MODN,8.08
MODV,17.67
MOFG,13.22
MOGO,4.13
MOGU,2.36
MOH,17.8
MOHO,1.44
MOMO,6.34
ABT,21.47
ABTX,5.53
ABUS,5.71
AC,5.38
ACA,2.46
ACAC,0.32
APHA,6.08
API,0.81
APLE,5.92
APLS,3.44
APLT,1.93
APM,2.33
MON,0.08
MONCU,0.25
MONCW,0.08
MOR,2.99
MORF,1.81
MORN,15.96
MOS,21.47
MOSY,19.81
MOTN,0.33
MOTNU,0.5
MOTNW,0.33
MOTS,3.17
MOTV,0.2
MOV,21.47
MOVE,0.07
MOXC,7.02
MP,0.82
MPA,21.47
MPAA,21.47
MPACU,0.02
MPB,21.47
MPC,9.82
MPLN,1.04
MPLX,8.48
MPRO,0.06
MPV,21.47
MPW,15.78
MPWR,16.42
MPX,20.14
MQT,21.47
MQY,21.47
MRAC,0.19
MRACU,0.33
MRACW,0.19
MRAM,4.53
MRBK,3.44
MRC,9.02
MRCC,8.48
MRCY,21.47
MREO,1.98
MRIN,8.07
MRK,21.47
MRKR,7.07
MRLN,17.44
MRM,0.3
MRNA,2.36
MRNS,6.72
MRO,21.47
MRSK,0.81
MRSN,3.8
MRTN,21.47
MRTX,7.76
MRUS,4.91
MRVI,0.4
MRVL,20.81
MS,21.47
MSA,21.47
MSAC,0.02
MSACW,0.02
MSB,21.47
APO,10.05
APOG,21.47
APOP,4.72
APOPW,4.72
APP,0.0
APPF,5.81
MSBI,4.9
MSC,2.5
MSCI,13.43
MSD,21.47
MSDAU,0.06
MSEX,21.47
MSFT,21.47
MSGE,1.02
MSGM,0.25
MSGN,11.23
MSGS,5.55
MSI,21.47
MSM,21.47
MSN,21.47
MSON,21.47
MSP,0.48
MSTB,0.54
MSTR,21.47
MSVB,8.54
MSVX,0.92
MT,21.47
MTA,3.57
MTAC,0.18
MTACU,0.33
MTACW,0.18
MTB,21.47
MTBC,6.74
MTBCP,5.45
MTC,2.27
MTCH,5.41
MTCN,0.88
MTCR,0.58
MTD,21.47
MTDR,9.21
MTEM,16.21
MTEX,21.47
MTG,21.47
MTH,21.47
MTL,16.47
MTLS,6.81
MTN,21.47
MTNB,6.67
MTOR,20.78
MTP,5.36
MTR,21.47
MTRN,21.47
MTRX,21.47
MTSI,9.09
MTSL,21.47
MTT,12.06
MTW,21.47
MTX,21.47
MTZ,21.47
MU,21.47
MUA,21.47
MUC,21.47
MUDS,0.21
MUDSU,3.19
MUDSW,3.1
MUE,21.47
APPH,0.84
APPHW,0.83
APPN,3.9
APPS,14.81
APR,0.18
APRE,1.54
MUFG,20.05
MUI,17.73
MUJ,21.47
MUR,21.47
MUSA,7.66
MUX,21.47
MVBF,12.66
MVF,21.47
MVIS,21.47
MVO,14.25
MVT,21.47
MWA,14.9
MWK,1.85
MX,10.11
MXC,21.47
MXE,21.47
MXF,21.47
MXIM,21.47
MXL,11.07
MYC,21.47
MYD,21.47
MYE,21.47
MYF,21.47
MYFW,2.75
MYGN,21.47
MYI,21.47
MYJ,21.47
MYN,21.47
MYO,3.85
MYOV,4.47
MYRG,12.68
MYSZ,4.73
MYT,5.88
MYTE,0.23
MZA,21.47
NAAC,0.08
NAACU,0.23
NAACW,0.08
NAC,21.47
NAD,21.47
NAII,21.47
NAK,17.53
NAKD,11.34
NAN,21.47
NAOV,3.81
NAPA,0.08
NAPR,1.04
NARI,0.9
NAT,21.47
NATH,21.47
NATI,21.47
NATR,11.82
NAV,21.47
NAVB,21.47
NAVI,7.0
NAZ,21.47
NBA,0.41
NBB,10.98
NBEV,5.28
NBH,18.5
APRN,3.8
APRZ,0.04
APSG,0.39
APT,21.47
APTO,6.48
APTS,10.05
NBHC,8.58
NBIX,21.47
NBLX,4.59
NBN,21.47
NBO,18.57
NBR,21.47
NBRV,5.58
NBSE,13.97
NBSTU,0.07
NBTB,21.47
NBTX,0.35
NBW,18.5
NBY,13.48
NC,21.47
NCA,21.47
NCBS,7.92
NCLH,8.25
NCMI,14.19
NCNA,3.55
NCNO,0.76
NCR,21.47
NCSM,3.97
NCTY,16.35
NCV,18.06
NCZ,17.73
NDACU,0.12
NDAQ,18.81
NDLS,7.81
NDMO,0.64
NDP,8.73
NDRA,3.8
NDRAW,3.8
NDSN,21.47
NEA,18.41
NEBC,0.2
NEBCU,0.35
NEBCW,0.19
NEE,21.47
NEM,21.47
NEN,21.47
NEO,17.1
NEOG,21.47
NEON,21.47
NEP,6.81
NEPH,12.24
NEPT,13.68
NERV,6.8
NES,13.41
NESR,3.87
NESRW,3.87
NET,1.59
NETE,12.5
NETI,7.35
NEU,21.47
NEV,11.56
NEW,2.84
NEWA,3.72
NEWR,6.35
NEWT,20.56
NEWTL,1.71
APTV,9.42
APTX,2.82
APVO,4.74
APWC,17.77
APXT,1.45
APXTU,1.58
NEWTZ,0.22
NEX,4.24
NEXA,3.47
NEXI,0.17
NEXT,5.87
NFBK,13.45
NFE,2.21
NFG,21.47
NFH,2.72
NFJ,16.14
NFLX,18.91
NG,17.38
NGA,0.52
NGAB,0.12
NGAC,0.35
NGACU,0.52
NGACW,0.36
NGCAU,0.07
NGD,16.42
NGG,20.3
NGL,9.93
NGM,2.04
NGMS,0.41
NGS,18.5
NGVC,8.73
NGVT,4.96
NH,4.87
NHC,21.47
NHF,14.82
NHI,21.47
NHIC,0.56
NHICU,0.71
NHICW,0.56
NHS,17.73
NHTC,21.47
NI,21.47
NICE,21.47
NICK,21.47
NID,8.36
NIE,14.15
NIM,21.47
NINE,3.24
NIO,2.59
NIQ,8.19
NISN,4.3
NIU,2.49
NJR,21.47
NJUL,0.79
NKE,21.47
NKG,18.57
NKLA,2.85
NKSH,21.39
NKTR,21.47
NKTX,0.77
NKX,18.26
NL,21.47
NLOK,21.47
NLS,21.47
NLSN,10.22
NLSP,0.21
APXTW,1.45
APYX,2.29
AQB,4.26
AQMS,5.72
AQN,11.44
AQNA,2.48
NLSPW,0.21
NLTX,7.12
NLY,21.47
NM,16.28
NMCO,1.58
NMFC,9.92
NMI,21.47
NMIH,7.44
NML,8.06
NMM,13.43
NMMC,0.41
NMMCU,0.58
NMMCW,0.42
NMR,21.47
NMRD,5.12
NMRK,3.34
NMS,6.53
NMT,21.47
NMTR,4.78
NMZ,17.42
NNA,12.78
NNBR,21.47
NNDM,5.28
NNI,17.36
NNN,21.47
NNOX,0.65
NNVC,15.48
NNY,21.47
NOA,14.41
NOAC,0.21
NOACU,0.43
NOACW,0.21
NOAH,10.44
NOC,21.47
NODK,4.09
NOG,14.02
NOK,21.47
NOM,21.47
NOMD,5.28
NOTV,21.47
NOV,21.47
NOVA,1.73
NOVN,4.57
NOVT,5.28
NOW,8.8
NP,16.42
NPK,21.47
NPO,18.91
NPTN,10.21
NPV,21.47
NQP,21.47
NR,21.47
NRAC,0.04
NRACU,0.2
NRACW,0.06
NRBO,4.7
NRC,7.9
NREF,1.19
NRG,17.38
NRGX,2.21
AQNB,1.89
AQST,2.73
AQUA,3.45
AR,7.52
ARAV,7.08
ARAY,14.19
NRIM,21.47
NRIX,0.73
NRK,18.26
NRO,17.48
NRP,18.53
NRT,21.47
NRUC,1.94
NRZ,7.96
NS,20.03
NSA,5.99
NSC,21.47
NSEC,21.47
NSH,0.45
NSIT,21.47
NSL,21.47
NSP,21.47
NSPR,10.02
NSS,8.22
NSSC,21.47
NSTB,0.18
NSTG,7.81
NSYS,21.47
NTAP,21.47
NTB,4.58
NTCO,1.28
NTCT,21.47
NTEC,5.7
NTES,20.81
NTG,10.72
NTGR,17.72
NTIC,21.47
NTIP,7.48
NTLA,4.95
NTNX,4.55
NTP,21.47
NTR,3.29
NTRA,5.79
NTRS,21.47
NTRSO,1.46
NTST,0.67
NTUS,19.72
NTWK,21.47
NTZ,21.47
NUAN,21.47
NUE,21.47
NUO,21.47
NURO,20.3
NUS,21.47
NUV,21.47
NUVA,16.94
NUVB,0.64
NUW,12.15
NUZE,3.51
NVAX,21.47
NVCN,14.2
NVCR,5.54
NVDA,21.47
NVEC,21.47
NVEE,7.55
NVFY,9.5
ARBG,0.26
ARBGU,0.4
ARBGW,0.26
ARC,16.21
ARCB,21.47
ARCC,16.54
NVG,18.61
NVGS,14.28
NVIV,10.47
NVMI,21.03
NVO,21.47
NVOS,3.57
NVR,21.47
NVRO,6.45
NVS,21.47
NVSA,0.01
NVSAU,0.16
NVSAW,0.01
NVST,1.58
NVT,2.96
NVTA,6.18
NVVE,0.07
NVVEW,0.07
NWBI,21.47
NWE,13.31
NWFL,21.47
NWG,13.5
NWHM,7.21
NWL,21.47
NWLI,21.47
NWN,21.47
NWPX,21.47
NWS,7.83
NWSA,7.83
NX,21.47
NXC,21.47
NXE,5.28
NXGN,20.3
NXJ,18.61
NXN,21.47
NXP,21.47
NXPI,10.7
NXQ,21.47
NXR,21.47
NXRT,6.08
NXST,17.4
NXTC,1.94
NXTD,7.66
NXU,0.05
NYC,0.66
NYCB,21.47
NYMT,16.73
NYMTM,1.52
NYMTN,3.53
NYMTO,5.96
NYMTP,7.87
NYMX,21.47
NYT,21.47
NZF,19.55
O,21.47
OACB,0.43
OAS,0.39
OBAS,21.47
OBCI,21.47
OBLG,21.47
OBLN,4.53
ARCE,2.56
ARCH,4.53
ARCO,10.01
ARCT,7.91
ARD,4.09
ARDC,8.39
OBNK,2.94
OBSV,4.22
OC,14.47
OCA,0.26
OCAX,0.1
OCAXU,0.25
OCAXW,0.11
OCC,21.47
OCCI,2.53
OCCIP,2.08
OCDX,0.21
OCFC,21.47
OCFCP,0.95
OCFT,1.34
OCG,0.33
OCGN,6.37
OCN,21.47
OCSL,12.85
OCTZ,0.54
OCUL,6.73
OCUP,15.91
OCX,5.28
ODC,21.47
ODFL,21.47
ODP,21.47
ODT,3.36
OEC,6.73
OEG,21.47
OEPW,0.08
OEPWU,0.23
OEPWW,0.09
OESX,13.33
OFC,21.47
OFED,10.26
OFG,21.47
OFIX,21.47
OFLX,15.72
OFS,8.44
OFSSG,0.57
OFSSI,1.5
OGE,21.47
OGEN,17.15
OGI,6.64
OGS,7.25
OHI,21.47
OHPAU,0.12
OI,21.47
OIA,21.47
OII,21.47
OIIM,20.64
OIS,20.19
OKE,21.47
OKTA,4.03
OLB,13.77
OLED,21.47
OLK,0.06
OLLI,5.76
OLMA,0.41
OLN,21.47
OLO,0.08
ARDS,2.67
ARDX,6.83
ARE,21.47
AREC,3.3
ARES,6.96
ARGD,2.95
OLP,21.47
OM,0.58
OMAB,14.39
OMC,21.47
OMCL,19.7
OMEG,0.27
OMER,11.53
OMEX,21.47
OMF,5.39
OMI,21.47
OMP,3.57
ON,20.97
ONB,21.47
ONCR,0.54
ONCS,10.05
ONCT,17.21
ONCY,2.88
ONDS,2.48
ONE,3.05
ONEM,1.21
ONEW,1.19
ONTF,0.2
ONTO,21.47
ONTX,20.3
ONTXW,4.7
ONVO,9.18
OOMA,5.75
OPBK,15.75
OPCH,21.47
OPEN,0.83
OPENW,0.83
OPGN,5.95
OPHC,17.83
OPI,11.87
OPINI,4.88
OPINL,0.81
OPK,21.47
OPNT,5.28
OPOF,21.47
OPP,4.55
OPRA,2.72
OPRT,1.56
OPRX,20.93
OPT,9.02
OPTN,3.51
OPTT,13.99
OPY,21.47
OR,5.28
ORA,16.44
ORAN,21.47
ORBC,14.45
ORC,8.17
ORCC,1.75
ORCL,21.47
ORGO,4.28
ORGS,9.1
ORI,21.47
ORIC,0.98
ORLA,0.32
ORLY,21.47
ACACU,0.48
ACACW,0.33
ACAD,16.9
ACAHU,0.12
ACB,6.77
ACBAU,0.03
ARGO,13.7
ARGX,3.92
ARI,11.57
ARKO,3.41
ARKOW,3.41
ARKR,21.47
ORMP,15.0
ORN,13.33
ORPH,0.55
ORRF,21.47
ORTX,2.46
OSBC,21.47
OSCR,0.12
OSG,5.38
OSH,0.69
OSIS,21.47
OSK,21.47
OSMT,2.5
OSN,10.33
OSPN,20.3
OSS,3.21
OSTK,18.89
OSTR,0.1
OSTRU,0.24
OSTRW,0.1
OSUR,21.47
OSW,2.08
OTEX,21.47
OTIC,6.68
OTIS,1.08
OTLK,4.84
OTLKW,4.82
OTRA,0.32
OTRAU,0.41
OTRAW,0.33
OTRK,7.87
OTRKP,0.63
OTTR,21.47
OUST,0.52
OUT,7.06
OVBC,21.47
OVID,3.95
OVLY,17.52
OVV,19.04
OXBR,7.06
OXBRW,6.56
OXLC,10.24
OXLCL,0.08
OXLCM,3.86
OXLCP,1.19
OXM,21.47
OXSQ,3.07
OXSQL,3.08
OXSQZ,2.04
OXY,21.47
OYST,1.46
OZK,20.3
OZON,0.39
PAA,21.47
PAAS,21.47
PAC,15.14
PACB,10.48
PACE,0.38
PACK,1.87
PACW,20.88
PACX,0.13
ARKX,0.05
ARL,21.47
ARLO,2.7
ARLP,21.47
ARMK,7.35
ARMP,10.11
PACXU,0.27
PACXW,0.13
PAE,2.46
PAEWW,2.45
PAG,21.47
PAGP,7.5
PAGS,3.23
PAHC,7.02
PAI,21.47
PAIC,0.41
PAICU,0.52
PAICW,0.41
PAM,11.53
PANA,0.64
PANL,7.33
PANW,8.75
PAQC,0.13
PAQCU,0.27
PAQCW,0.13
PAR,21.47
PARR,8.62
PASG,1.13
PATI,6.21
PATK,21.47
PAVM,4.72
PAVMW,4.71
PAVMZ,3.02
PAX,0.23
PAYA,0.49
PAYAW,0.49
PAYC,7.01
PAYS,13.53
PAYX,21.47
PB,21.47
PBA,10.53
PBC,2.35
PBCT,21.47
PBCTP,4.48
PBF,8.35
PBFS,1.75
PBFX,6.94
PBH,16.19
PBHC,21.47
PBI,21.47
PBIP,16.06
PBLA,4.28
PBPB,7.54
PBR,20.7
PBT,21.47
PBTS,2.04
PBY,2.83
PBYI,8.98
PCAR,21.47
PCB,6.87
PCF,21.47
PCG,21.47
PCGU,0.81
PCH,21.47
PCI,8.22
PCK,18.82
ARNA,20.73
ARNC,1.04
AROC,5.45
AROW,21.47
ARPO,3.69
ARQT,1.21
PCM,21.47
PCN,19.34
PCOM,10.19
PCPC,0.2
PCQ,19.82
PCRX,10.21
PCSA,3.52
PCSB,3.99
PCT,0.76
PCTI,21.47
PCTTU,0.95
PCTTW,0.76
PCTY,7.08
PCVX,0.84
PCYG,21.47
PCYO,21.47
PD,2.02
PDAC,0.41
PDCE,21.47
PDCO,21.47
PDD,2.73
PDEX,21.47
PDFS,19.72
PDI,8.9
PDLB,3.54
PDM,11.19
PDO,0.22
PDS,21.47
PDSB,5.55
PDT,21.47
PEAK,21.47
PEB,11.36
PEBK,21.47
PEBO,21.47
PED,17.97
PEG,21.47
PEGA,21.47
PEI,21.47
PEN,5.58
PENN,21.47
PEO,21.47
PEP,21.47
PERI,15.22
PESI,21.47
PETQ,3.74
PETS,21.47
PETZ,3.57
PFBC,21.47
PFBI,21.47
PFC,21.47
PFD,21.47
PFDR,0.01
PFDRU,0.16
PFDRW,0.01
PFE,21.47
PFG,19.49
PFGC,5.55
PFH,0.62
PFHD,4.09
PFIE,11.11
ARR,13.38
ARRWU,0.12
ARRY,0.5
ARTL,3.42
ARTLW,1.82
ARTNA,21.47
PFIN,21.47
PFIS,18.88
PFL,17.53
PFLT,10.03
PFMT,8.69
PFN,16.48
PFO,21.47
PFPT,8.99
PFS,18.26
PFSI,7.94
PFSW,21.39
PFX,10.24
PFXNL,8.07
PG,21.47
PGC,21.47
PGEN,7.69
PGNY,1.48
PGP,15.9
PGR,21.47
PGRE,6.41
PGRW,0.08
PGRWU,0.18
PGRWW,0.08
PGTI,14.81
PGZ,7.81
PH,21.47
PHAR,0.31
PHAS,2.5
PHAT,1.48
PHCF,2.3
PHD,16.32
PHG,21.47
PHGE,2.1
PHI,21.47
PHIC,0.26
PHICU,0.41
PHICW,0.26
PHIO,8.94
PHIOW,4.32
PHK,17.99
PHM,21.47
PHR,1.75
PHT,18.99
PHUN,4.47
PHUNW,4.51
PHVS,0.19
PHX,21.47
PI,4.74
PIAI,0.45
PICC,0.04
PII,21.47
PIM,21.47
PINC,7.56
PINE,1.4
PING,1.58
PINS,2.0
PIPP,0.27
PIPR,17.3
PIRS,6.01
PIXY,3.8
ARTW,21.47
ARVL,0.06
ARVLW,0.06
ARVN,2.55
ARW,21.47
ARWR,21.47
PJT,5.55
PK,4.28
PKBK,19.62
PKE,21.47
PKG,21.23
PKI,21.47
PKO,13.39
PKOH,21.47
PKX,21.47
PLAB,21.47
PLAG,12.97
PLAN,2.51
PLAY,6.52
PLBC,18.82
PLBY,0.62
PLCE,21.47
PLD,21.47
PLG,18.99
PLIN,1.67
PLL,3.29
PLM,20.52
PLMIU,0.08
PLMR,2.0
PLNT,5.7
PLOW,10.96
PLPC,21.47
PLRX,0.87
PLSE,4.92
PLT,21.47
PLTK,0.25
PLTR,0.54
PLUG,21.47
PLUS,21.47
PLX,21.47
PLXP,7.1
PLXS,21.47
PLYA,4.21
PLYM,3.85
PM,13.09
PMBC,21.24
PMD,21.47
PME,9.71
PMF,19.82
PMGM,0.01
PMGMU,0.18
PMGMW,0.0
PML,18.82
PMM,21.47
PMO,21.47
PMT,11.72
PMVC,0.42
PMVP,0.56
PMX,18.48
PNBK,21.47
PNC,21.47
PNF,19.82
PNFP,20.66
PNFPP,0.88
PNI,18.82
PNM,21.47
ARYA,2.35
ARYD,0.13
ASA,21.47
ASAI,0.11
ASAN,0.54
ASAQ,0.5
PNNT,14.0
PNNTG,1.55
PNR,21.47
PNRG,21.47
PNTG,1.54
PNTM,0.12
PNW,21.47
POAI,3.21
PODD,13.93
POLA,4.36
POOL,21.47
POR,15.05
POSH,0.25
POST,9.22
POW,0.12
POWI,21.47
POWL,21.47
POWRU,0.27
POWRW,0.12
POWW,5.28
PPBI,21.47
PPBT,5.41
PPC,21.47
PPD,1.19
PPG,21.47
PPGH,0.13
PPGHU,0.27
PPGHW,0.13
PPIH,5.28
PPL,21.47
PPR,21.47
PPSI,7.96
PPT,21.47
PPTA,0.16
PPX,8.08
PQG,3.55
PRA,21.47
PRAA,18.45
PRAH,6.43
PRAX,0.5
PRCH,1.26
PRCHW,1.26
PRDO,21.47
PRFT,21.47
PRFX,0.62
PRG,21.47
PRGO,21.47
PRGS,21.47
PRI,11.05
PRIM,12.7
PRK,21.47
PRLB,9.15
PRLD,0.56
PRMW,21.47
PRO,13.73
PROF,4.85
PROG,0.82
PROS,1.73
PROV,21.47
PRPB,0.57
ASAX,0.09
ASAXU,0.19
ASAXW,0.09
ASB,21.47
ASC,7.71
ASG,21.47
PRPC,0.05
PRPH,21.47
PRPL,3.19
PRPO,20.76
PRQR,6.58
PRS,2.65
PRSP,2.88
PRSR,0.13
PRSRU,0.27
PRSRW,0.13
PRT,2.96
PRTA,8.32
PRTC,0.41
PRTG,0.14
PRTH,4.36
PRTK,14.94
PRTS,14.19
PRTY,6.01
PRU,19.35
PRVB,2.73
PSA,21.47
PSAC,0.62
PSACU,0.73
PSACW,0.63
PSAG,0.01
PSAGU,0.12
PSAGW,0.02
PSB,21.47
PSCW,0.04
PSEC,16.73
PSF,10.39
PSFD,0.31
PSFE,0.52
PSFF,0.29
PSFM,0.04
PSHG,10.29
PSMD,0.31
PSMR,0.04
PSMT,21.47
PSN,1.94
PSNL,1.82
PSO,21.47
PSTG,5.53
PSTH,0.59
PSTI,17.81
PSTL,1.92
PSTV,20.43
PSTX,0.77
PSX,9.02
PSXP,7.74
PT,2.48
PTA,0.47
PTC,21.47
PTCT,7.83
PTE,20.3
PTEN,21.47
PTGX,4.68
PTIC,0.22
PTICU,0.36
PTICW,0.22
ASGI,0.72
ASGN,21.47
ASH,21.47
ASIX,4.54
ASLE,2.13
ASLEW,2.13
PTK,0.56
PTMN,14.35
PTN,21.47
PTNR,21.47
PTOCU,0.1
PTON,1.56
PTPI,0.37
PTR,21.04
PTRS,8.04
PTSI,21.47
PTVCA,20.3
PTVCB,20.3
PTVE,0.58
PTY,18.32
PUBM,0.35
PUCK,0.06
PUCKU,0.18
PUCKW,0.06
PUK,20.81
PULM,7.08
PUMP,4.08
PUYI,2.05
PV,0.09
PVAC,4.42
PVBC,5.76
PVG,10.13
PVH,21.47
PVL,9.46
PW,21.47
PWFL,21.47
PWOD,21.47
PWR,21.47
PXD,21.47
PXLW,20.92
PXS,5.45
PXSAP,0.52
PXSAW,0.52
PYN,18.48
PYPD,0.81
PYPL,5.75
PYR,0.1
PYS,13.31
PYT,16.73
PZC,18.48
PZG,14.95
PZN,13.48
PZZA,21.47
QADA,10.34
QADB,21.47
QCOM,21.47
QCON,0.16
QCRH,21.47
QD,3.5
QDEC,0.32
QDEL,21.47
QELL,0.39
QELLU,0.54
QELLW,0.39
QFIN,2.34
QFTA,0.1
ASLN,2.95
ASM,15.41
ASMB,10.34
ASML,21.47
ASND,6.22
ASO,0.54
QGEN,21.47
QH,0.77
QIWI,7.96
QK,1.45
QLGN,5.82
QLI,0.26
QLYS,8.55
QMAR,0.07
QMCO,21.47
QNST,11.18
QPFF,0.16
QQQX,14.21
QRHC,11.28
QRTEA,14.95
QRTEB,19.68
QRTEP,0.58
QRVO,6.29
QS,0.66
QSR,6.34
QTAP,0.04
QTNT,6.98
QTRX,3.36
QTS,7.52
QTT,2.59
QTWO,7.08
QUAD,10.79
QUIK,21.47
QUMU,21.47
QUOT,7.12
QURE,7.2
QVCC,1.38
QVCD,2.58
R,21.47
RA,4.36
RAAC,0.18
RAACU,0.35
RAACW,0.17
RAAS,0.18
RACA,0.77
RACB,0.08
RACE,5.49
RAD,21.47
RADA,21.47
RADI,0.53
RAIL,16.04
RAND,21.47
RAPT,1.46
RARE,7.21
RAVE,21.47
RAVN,21.47
RBA,21.47
RBAC,0.53
RBB,3.73
RBBN,3.38
RBC,21.47
RBCAA,21.47
RBCN,13.42
RBKB,2.25
RBLX,0.1
RBNC,3.29
ASPC,0.01
ASPCU,0.15
ASPL,0.42
ASPN,6.85
ASPS,11.7
ASPU,8.39
RC,8.19
RCA,2.54
RCB,1.73
RCC,0.16
RCEL,1.54
RCG,21.47
RCHG,0.38
RCHGU,0.54
RCHGW,0.39
RCI,21.47
RCII,21.47
RCKT,6.16
RCKY,21.47
RCL,21.47
RCLF,0.03
RCLFU,0.17
RCLFW,0.03
RCM,5.28
RCMT,21.47
RCON,11.72
RCS,21.47
RCUS,3.09
RDCM,21.47
RDFI,0.48
RDFN,3.72
RDHL,8.28
RDI,21.47
RDIB,21.29
RDN,21.47
RDNT,21.47
RDUS,6.87
RDVT,3.06
RDWR,21.47
RDY,20.03
RE,21.47
REAL,1.8
REC,0.5
REDU,3.49
REED,13.97
REFR,21.47
REG,21.47
REGI,9.25
REGN,21.47
REI,14.03
REKR,3.63
RELI,5.21
RELIW,0.18
RELL,21.47
RELX,21.47
RENN,9.96
REPH,7.12
REPL,2.74
REPX,21.47
RES,21.47
RESN,6.89
RETA,4.89
RETO,3.38
REV,21.47
REVG,4.22
REVHU,0.08
ACBI,5.46
ACC,16.69
ACCD,0.79
ACCO,15.67
ACEL,1.4
ACER,3.57
ASR,20.56
ASRT,17.34
ASRV,21.47
ASRVP,21.47
ASTC,21.47
ASTE,21.47
REX,21.47
REXR,7.75
REYN,1.21
REZI,2.5
RF,21.47
RFI,21.47
RFIL,21.47
RFL,3.06
RFM,1.05
RFMZ,0.14
RFP,10.36
RGA,12.6
RGCO,21.47
RGEN,21.47
RGLD,21.47
RGLS,8.52
RGNX,5.58
RGP,20.35
RGR,21.47
RGS,21.47
RGT,7.52
RH,8.46
RHE,3.54
RHI,21.47
RHP,21.47
RIBT,17.55
RICE,7.23
RICK,21.47
RIDE,2.0
RIG,21.47
RIGL,20.39
RILY,5.76
RILYG,3.34
RILYH,2.92
RILYI,2.59
RILYK,0.05
RILYL,4.4
RILYM,1.17
RILYN,1.56
RILYO,1.94
RILYP,1.53
RILYT,0.22
RIO,21.47
RIOT,18.24
RIV,5.32
RIVE,11.62
RJF,21.47
RKDA,5.93
RKT,0.69
RL,21.47
RLAY,0.75
RLGT,14.47
RLGY,8.52
RLI,21.47
RLJ,9.94
RLMD,6.52
RLX,0.23
RM,9.06
RMAX,7.54
RMBI,1.79
ASTS,1.46
ASTSW,1.46
ASUR,21.47
ASX,20.55
ASXC,21.47
ASYS,21.47
RMBL,4.27
RMBS,21.47
RMCF,21.47
RMD,21.47
RMED,2.55
RMGB,0.2
RMGBU,0.35
RMGBW,0.2
RMGC,0.05
RMGCU,0.19
RMGCW,0.05
RMI,2.47
RMM,1.73
RMNI,5.64
RMO,2.04
RMR,5.34
RMRM,0.71
RMT,21.47
RMTI,21.47
RNA,0.84
RNDB,4.79
RNET,10.34
RNG,7.56
RNGR,3.68
RNLX,0.75
RNP,17.82
RNR,21.47
RNST,21.47
RNWK,21.47
ROAD,2.95
ROCC,0.28
ROCCU,0.35
ROCCW,0.27
ROCK,21.47
ROCR,0.04
ROCRU,0.12
ROCRW,0.06
ROG,21.47
ROIC,11.46
ROK,21.47
ROKU,3.55
ROL,21.47
ROLL,15.69
ROMO,1.45
ROOT,0.47
ROP,21.47
ROST,21.47
ROT,0.11
RP,10.68
RPAI,9.02
RPAY,2.75
RPD,5.75
RPHM,0.02
RPM,21.47
RPRX,0.83
RPT,21.47
RPTX,0.82
RQI,19.15
RRBI,1.96
RRC,21.47
AT,11.38
ATA,0.21
ATAC,0.34
ATAX,21.47
ATC,0.19
ATCO,1.13
RRD,21.47
RRGB,18.76
RRR,4.97
RS,21.47
RSF,4.57
RSG,21.47
RSI,0.98
RSSS,11.84
RSVA,0.28
RSVAU,0.37
RSVAW,0.28
RTAI,0.48
RTLR,1.9
RTP,0.43
RTPYU,0.08
RTPZ,0.26
RTX,21.47
RUBY,2.75
RUHN,2.04
RUN,5.7
RUSHA,18.78
RUSHB,21.47
RUTH,15.7
RVI,2.81
RVLV,1.86
RVMD,1.17
RVNC,7.19
RVP,19.96
RVPH,2.5
RVPHW,2.5
RVSB,21.47
RVT,21.47
RWLK,6.6
RWT,21.47
RXDX,0.1
RXN,9.05
RXRAU,0.12
RXT,0.7
RY,21.47
RYAAY,21.47
RYAM,6.84
RYB,3.55
RYI,6.69
RYN,21.47
RYTM,3.53
RZA,8.65
RZB,4.84
RZLT,6.96
SA,17.0
SABR,7.0
SABRP,0.65
SACC,1.43
SACH,4.18
SAF,2.63
SAFE,3.82
SAFM,21.47
SAFT,18.41
SAGE,6.75
SAH,21.47
SAIA,18.61
ATCX,2.23
ATEC,14.88
ATEN,7.08
ATEX,6.2
ATGE,21.47
ATH,4.35
SAIC,7.59
SAII,0.53
SAIIU,0.58
SAIIW,0.53
SAIL,3.41
SAK,0.79
SAL,21.47
SALM,21.47
SAM,21.47
SAMG,7.81
SAN,21.47
SANA,0.19
SANM,21.47
SANW,10.85
SAP,21.47
SAR,14.07
SASR,21.47
SATS,13.3
SAVA,20.77
SAVE,9.9
SB,12.89
SBAC,21.47
SBBA,0.86
SBBP,5.5
SBCF,21.47
SBEAU,0.13
SBFG,21.47
SBG,0.44
SBGI,21.47
SBH,14.42
SBI,21.47
SBLK,15.14
SBLKZ,3.42
SBNY,17.08
SBNYP,0.35
SBOW,4.96
SBR,21.47
SBRA,19.05
SBS,18.95
SBSI,21.47
SBSW,8.18
SBT,14.31
SBTX,0.36
SBUX,21.47
SC,7.23
SCAQU,0.1
SCCB,1.8
SCCC,0.6
SCCO,21.47
SCD,17.15
SCHL,21.47
SCHN,21.47
SCHW,21.47
SCI,21.47
SCKT,21.47
SCL,21.47
SCLE,0.03
SCLEU,0.17
SCLEW,0.02
ATHA,0.58
ATHE,18.62
ATHM,7.35
ATHX,13.85
ATI,21.39
ATIF,1.96
SCM,8.44
SCOA,0.18
SCOAU,0.33
SCOAW,0.18
SCOB,0.03
SCOBU,0.18
SCOBW,0.02
SCOR,13.81
SCPE,1.61
SCPH,3.41
SCPL,1.96
SCPS,0.33
SCR,7.27
SCS,21.47
SCSC,21.47
SCU,13.43
SCVL,21.47
SCVX,1.07
SCWX,4.99
SCX,21.47
SCYX,6.96
SD,4.53
SDAC,0.05
SDACU,0.19
SDACW,0.05
SDC,1.59
SDGR,1.19
SDH,0.18
SDHY,0.39
SDPI,6.9
SE,3.49
SEAC,21.47
SEAH,0.39
SEAS,8.0
SEB,21.47
SECO,3.57
SEDG,6.06
SEE,21.47
SEED,16.96
SEEL,21.47
SEER,0.36
SEIC,21.47
SELB,4.82
SELF,12.82
SEM,11.56
SEMR,0.06
SENEA,21.47
SENEB,21.47
SENS,5.08
SEPZ,0.62
SESN,7.19
SF,21.47
SFB,3.5
SFBC,13.28
SFBS,6.93
SFE,21.47
SFET,2.69
SFIX,3.41
SFL,16.84
SFM,7.71
ATKR,4.85
ATLC,21.47
ATLO,21.18
ATMR,0.05
ATNF,3.81
ATNFW,3.81
SFNC,21.47
SFST,21.47
SFT,1.87
SFTW,1.32
SFUN,10.59
SGA,21.47
SGAM,0.35
SGAMU,0.38
SGAMW,0.35
SGBX,3.82
SGC,21.47
SGEN,20.12
SGFY,0.18
SGH,3.9
SGLB,10.58
SGLBW,4.17
SGMA,21.47
SGMO,21.04
SGMS,21.47
SGOC,13.03
SGRP,21.47
SGRY,5.55
SGTX,0.36
SGU,21.47
SHAC,0.09
SHACU,0.23
SHACW,0.09
SHAK,6.21
SHBI,20.08
SHC,0.4
SHEN,21.47
SHG,17.59
SHI,21.47
SHIP,13.48
SHIPW,4.36
SHIPZ,1.94
SHLS,0.22
SHLX,6.47
SHO,16.5
SHOO,21.47
SHOP,5.91
SHSP,5.38
SHW,21.47
SHYF,21.47
SI,1.44
SIBN,2.5
SIC,2.67
SID,21.47
SIEB,21.47
SIEN,6.47
SIF,21.47
SIFY,21.47
SIG,21.47
SIGA,21.47
SIGI,21.47
SIGIP,0.35
SII,0.8
SILC,21.47
SILK,2.04
SILV,5.48
ATNI,21.47
ATNM,8.31
ATNX,3.84
ATO,21.47
ATOM,4.7
ATOS,8.44
SIM,21.47
SIMO,15.81
SINO,12.91
SINT,7.18
SIOX,5.85
SIRI,21.47
SITC,20.3
SITE,4.93
SITM,1.41
SIVB,21.47
SIVBP,1.37
SIX,10.94
SJ,2.11
SJI,21.47
SJIJ,1.58
SJIV,0.08
SJM,21.47
SJR,21.47
SJT,21.47
SJW,21.47
SKLZ,0.97
SKM,21.47
SKT,21.47
SKX,21.47
SKY,21.47
SKYW,21.47
SLAB,21.08
SLAC,0.03
SLAMU,0.14
SLB,21.47
SLCA,9.21
SLCR,0.1
SLCRU,0.25
SLCRW,0.1
SLCT,17.35
SLDB,3.22
SLF,21.08
SLG,21.47
SLGG,2.14
SLGL,3.21
SLGN,21.47
SLM,21.47
SLMBP,15.78
SLN,0.6
SLNO,6.43
SLP,21.47
SLQT,0.9
SLRC,11.19
SLRX,6.22
SLS,3.3
SM,21.47
SMAR,2.97
SMBC,21.47
SMBK,20.3
SMCI,14.06
SMED,21.47
SMFG,15.23
SMG,21.47
SMHI,3.87
SMID,5.28
ATR,21.47
ATRA,6.5
ATRC,15.71
ATRI,21.47
ATRO,21.47
ATRS,21.47
SMIT,21.47
SMLP,8.55
SMM,8.9
SMMF,21.29
SMMT,6.12
SMP,21.47
SMPL,3.77
SMSI,21.47
SMTC,21.47
SMTI,10.15
SMTS,3.77
SNA,21.47
SNAP,4.13
SNBR,21.47
SNCA,14.33
SNCR,14.85
SNCY,0.08
SND,4.45
SNDL,1.71
SNDR,4.03
SNDX,5.12
SNES,4.36
SNEX,21.47
SNFCA,20.3
SNGX,9.11
SNGXW,4.34
SNMP,14.43
SNN,21.43
SNOA,14.23
SNOW,0.58
SNP,20.51
SNPR,0.45
SNPS,21.47
SNR,6.47
SNRH,0.2
SNRHU,0.35
SNRHW,0.2
SNSE,0.19
SNV,21.47
SNX,17.4
SNY,18.81
SO,21.47
SOAC,0.81
SOGO,3.44
SOHO,16.34
SOHOB,4.63
SOHON,2.01
SOHOO,3.53
SOHU,20.78
SOI,3.93
SOJB,4.57
SOJC,3.38
SOJD,1.25
SOJE,0.56
SOL,13.22
SOLN,1.67
SOLO,2.69
SOLOW,2.69
SOLY,2.16
SON,21.47
ATSG,17.75
ATSPU,0.1
ATTO,6.54
ATUS,3.82
ATVCU,0.12
SONM,1.94
SONN,14.47
SONO,2.71
SONY,21.47
SOR,21.47
SOS,3.97
SP,16.88
SPAQ,0.04
SPB,11.63
SPCB,16.17
SPCE,3.55
SPE,21.47
SPFI,1.94
SPFR,0.22
SPG,21.47
SPGI,20.3
SPGS,0.01
SPH,21.47
SPI,5.27
SPKBU,0.1
SPKE,6.72
SPKEP,4.1
SPLK,9.0
SPLP,9.02
SPNE,5.84
SPNS,21.47
SPNT,7.67
SPNV,0.35
SPOK,16.42
SPOT,3.04
SPPI,21.47
SPR,14.39
SPRB,0.52
SPRO,16.41
SPRQ,0.25
SPRT,20.76
SPSC,10.99
SPT,1.34
SPTK,0.02
SPTKU,0.16
SPTKW,0.02
SPTN,20.72
SPWH,7.0
SPWR,15.42
SPXC,21.47
SPXX,15.41
SQ,5.41
SQBG,17.68
SQFT,0.52
SQM,21.47
SQNS,10.0
SQZ,0.46
SR,21.47
SRAC,1.29
SRACU,1.44
SRACW,1.3
SRAX,8.37
SRC,8.58
SRCE,21.47
SRCL,21.47
ATVI,21.47
ATXI,3.81
AU,21.47
AUB,21.47
AUBAP,0.87
AUBN,21.47
SRDX,21.47
SRE,21.47
SREA,1.81
SREV,10.07
SRG,5.78
SRGA,20.7
SRI,21.47
SRL,20.3
SRLP,7.48
SRNE,14.09
SRNGU,0.14
SRPT,21.47
SRRA,5.76
SRRK,2.9
SRSA,0.3
SRSAU,0.48
SRSAW,0.31
SRT,21.47
SRTS,4.73
SRV,13.65
SSAA,0.07
SSAAU,0.22
SSAAW,0.06
SSB,21.47
SSBI,14.77
SSD,21.47
SSKN,15.48
SSL,21.47
SSNC,11.05
SSNT,9.09
SSP,21.47
SSPK,1.54
SSPKU,1.69
SSPKW,1.54
SSRM,21.47
SSSS,9.98
SSTI,3.86
SSTK,8.52
SSY,21.47
SSYS,21.47
ST,11.11
STAA,21.47
STAF,8.17
STAG,10.01
STAY,7.43
STBA,21.47
STC,21.47
STCN,3.14
STE,21.47
STEP,0.58
STFC,21.47
STG,3.07
STIC,0.33
STIM,2.8
STK,11.39
STKL,21.47
STKS,6.81
STL,21.47
STLA,10.86
